region,year_month,rrp_nominal,peak_rrp_nominal,total_intervals,peak_intervals,carbon_flag,cpi_estimated,rrp_real,peak_rrp_real
NSW1,2003-07,46.77,75.87,1488,690,False,False,87.44,141.85
NSW1,2003-08,19.61,22.04,1488,630,False,False,36.59,41.13
NSW1,2003-09,21.05,26.25,1440,660,False,False,39.21,48.89
NSW1,2003-10,17.5,19.37,1488,690,False,False,32.54,36.01
NSW1,2003-11,18.37,20.65,1440,600,False,False,34.1,38.33
NSW1,2003-12,23.38,29.62,1488,690,False,False,43.32,54.88
NSW1,2004-01,26.76,31.45,1488,660,False,False,49.43,58.1
NSW1,2004-02,58.5,48.72,1392,600,False,False,107.75,89.74
NSW1,2004-03,63.73,116.44,1488,690,False,False,117.04,213.84
NSW1,2004-04,30.27,37.33,1440,660,False,False,55.5,68.45
NSW1,2004-05,32.12,37.68,1488,630,False,False,58.8,68.98
NSW1,2004-06,31.18,33.67,1440,660,False,False,57.0,61.55
NSW1,2004-07,35.63,43.6,1488,660,False,False,65.04,79.59
NSW1,2004-08,23.61,26.12,1488,660,False,False,43.04,47.62
NSW1,2004-09,28.18,32.04,1440,660,False,False,51.3,58.33
NSW1,2004-10,69.6,125.36,1488,630,False,False,126.38,227.63
NSW1,2004-11,77.7,130.9,1440,660,False,False,140.73,237.09
NSW1,2004-12,64.89,110.64,1488,690,False,False,117.23,199.89
NSW1,2005-01,39.9,65.58,1488,630,False,False,71.92,118.22
NSW1,2005-02,32.86,50.52,1344,600,False,False,59.1,90.86
NSW1,2005-03,18.45,19.78,1488,690,False,False,33.11,35.5
NSW1,2005-04,29.9,36.39,1440,630,False,False,53.55,65.18
NSW1,2005-05,24.4,27.52,1488,660,False,False,43.61,49.19
NSW1,2005-06,26.35,32.3,1440,660,False,False,47.01,57.62
NSW1,2005-07,24.3,27.63,1488,630,False,False,43.21,49.13
NSW1,2005-08,28.47,36.82,1488,690,False,False,50.45,65.25
NSW1,2005-09,28.63,36.04,1440,660,False,False,50.57,63.66
NSW1,2005-10,47.39,86.12,1488,630,False,False,83.57,151.86
NSW1,2005-11,57.49,103.82,1440,660,False,False,101.2,182.76
NSW1,2005-12,71.55,127.5,1488,660,False,False,125.73,224.06
NSW1,2006-01,26.84,33.82,1488,660,False,False,47.03,59.26
NSW1,2006-02,64.45,122.5,1344,600,False,False,112.61,214.04
NSW1,2006-03,22.58,27.25,1488,690,False,False,39.34,47.48
NSW1,2006-04,20.61,23.63,1440,600,False,False,35.72,40.96
NSW1,2006-05,25.45,32.17,1488,690,False,False,43.88,55.47
NSW1,2006-06,31.47,38.46,1440,660,False,False,53.98,65.97
NSW1,2006-07,47.71,73.53,1488,630,False,False,81.59,125.74
NSW1,2006-08,29.79,35.23,1488,690,False,False,50.79,60.07
NSW1,2006-09,28.25,34.47,1440,630,False,False,48.03,58.6
NSW1,2006-10,25.33,30.82,1488,660,False,False,43.08,52.42
NSW1,2006-11,31.47,40.49,1440,660,False,False,53.54,68.89
NSW1,2006-12,21.0,25.07,1488,630,False,False,35.74,42.67
NSW1,2007-01,55.91,89.26,1488,690,False,False,95.14,151.88
NSW1,2007-02,44.76,62.41,1344,600,False,False,76.14,106.17
NSW1,2007-03,51.28,62.67,1488,660,False,False,87.21,106.58
NSW1,2007-04,78.21,101.49,1440,630,False,False,132.46,171.89
NSW1,2007-05,63.28,75.16,1488,690,False,False,106.74,126.78
NSW1,2007-06,230.66,397.56,1440,630,False,False,387.5,667.89
NSW1,2007-07,77.87,105.33,1488,660,False,False,130.52,176.55
NSW1,2007-08,39.94,46.8,1488,690,False,False,66.79,78.26
NSW1,2007-09,47.95,59.96,1440,600,False,False,80.0,100.04
NSW1,2007-10,40.72,55.49,1488,690,False,False,67.73,92.3
NSW1,2007-11,36.01,47.55,1440,660,False,False,59.71,78.85
NSW1,2007-12,40.16,55.22,1488,630,False,False,66.39,91.28
NSW1,2008-01,34.08,43.55,1488,690,False,False,56.09,71.67
NSW1,2008-02,27.19,31.81,1392,630,False,False,44.55,52.12
NSW1,2008-03,34.57,46.98,1488,630,False,False,56.39,76.63
NSW1,2008-04,33.25,39.76,1440,660,False,False,53.98,64.55
NSW1,2008-05,45.2,52.42,1488,660,False,False,73.02,84.69
NSW1,2008-06,41.82,50.94,1440,630,False,False,67.24,81.91
NSW1,2008-07,40.47,55.31,1488,690,False,False,64.82,88.59
NSW1,2008-08,39.92,48.33,1488,630,False,False,63.69,77.11
NSW1,2008-09,35.55,45.35,1440,660,False,False,56.5,72.08
NSW1,2008-10,81.58,142.37,1488,690,False,False,129.8,226.53
NSW1,2008-11,30.85,37.94,1440,600,False,False,49.14,60.43
NSW1,2008-12,23.91,27.72,1488,690,False,False,38.13,44.2
NSW1,2009-01,47.1,72.78,1488,660,False,False,75.08,116.01
NSW1,2009-02,41.43,38.95,1344,600,False,False,66.02,62.06
NSW1,2009-03,24.65,29.37,1488,660,False,False,39.26,46.78
NSW1,2009-04,36.01,47.12,1440,660,False,False,57.26,74.93
NSW1,2009-05,30.28,35.52,1488,630,False,False,48.07,56.39
NSW1,2009-06,34.15,45.73,1440,660,False,False,54.13,72.48
NSW1,2009-07,31.47,40.09,1488,690,False,False,49.72,63.34
NSW1,2009-08,24.3,27.56,1488,630,False,False,38.27,43.41
NSW1,2009-09,25.62,28.5,1440,660,False,False,40.23,44.75
NSW1,2009-10,27.54,31.96,1488,660,False,False,43.16,50.09
NSW1,2009-11,107.76,209.26,1440,630,False,False,168.59,327.39
NSW1,2009-12,97.38,186.27,1488,690,False,False,152.08,290.91
NSW1,2010-01,50.42,78.56,1488,630,False,False,78.5,122.31
NSW1,2010-02,55.74,96.55,1344,600,False,False,86.51,149.86
NSW1,2010-03,25.86,30.74,1488,690,False,False,40.01,47.57
NSW1,2010-04,24.75,28.34,1440,660,False,False,38.22,43.76
NSW1,2010-05,27.77,30.87,1488,630,False,False,42.8,47.57
NSW1,2010-06,33.29,38.92,1440,660,False,False,51.2,59.86
NSW1,2010-07,27.39,29.37,1488,660,False,False,42.03,45.06
NSW1,2010-08,34.96,46.63,1488,660,False,False,53.51,71.38
NSW1,2010-09,24.17,25.68,1440,660,False,False,36.91,39.21
NSW1,2010-10,22.65,24.04,1488,630,False,False,34.54,36.66
NSW1,2010-11,23.08,24.17,1440,660,False,False,35.15,36.81
NSW1,2010-12,22.47,24.8,1488,690,False,False,34.18,37.72
NSW1,2011-01,48.36,77.85,1488,630,False,False,73.18,117.81
NSW1,2011-02,136.77,258.83,1344,600,False,False,205.92,389.69
NSW1,2011-03,26.34,29.07,1488,690,False,False,39.46,43.55
NSW1,2011-04,26.43,27.21,1440,630,False,False,39.47,40.63
NSW1,2011-05,29.11,30.24,1488,660,False,False,43.34,45.02
NSW1,2011-06,27.4,29.69,1440,660,False,False,40.67,44.07
NSW1,2011-07,30.63,34.97,1488,630,False,False,45.37,51.8
NSW1,2011-08,30.15,32.81,1488,690,False,False,44.57,48.51
NSW1,2011-09,28.56,30.87,1440,660,False,False,42.14,45.55
NSW1,2011-10,28.52,30.25,1488,630,False,False,42.08,44.63
NSW1,2011-11,37.12,47.39,1440,660,False,False,54.77,69.92
NSW1,2011-12,25.78,27.36,1488,660,False,False,38.04,40.37
NSW1,2012-01,25.07,28.29,1488,660,False,False,36.98,41.73
NSW1,2012-02,26.89,29.27,1392,630,False,False,39.66,43.17
NSW1,2012-03,25.46,27.91,1488,660,False,False,37.54,41.16
NSW1,2012-04,33.52,36.65,1440,630,False,False,49.34,53.95
NSW1,2012-05,28.71,30.5,1488,690,False,False,42.19,44.82
NSW1,2012-06,36.01,40.44,1440,630,False,False,52.83,59.33
NSW1,2012-07,66.23,73.65,1488,660,True,False,96.72,107.56
NSW1,2012-08,57.4,58.72,1488,690,True,False,83.45,85.37
NSW1,2012-09,52.75,54.12,1440,600,True,False,76.35,78.33
NSW1,2012-10,57.07,60.51,1488,690,True,False,82.53,87.5
NSW1,2012-11,56.88,62.09,1440,660,True,False,82.18,89.71
NSW1,2012-12,49.81,50.43,1488,630,True,False,71.91,72.8
NSW1,2013-01,50.56,53.13,1488,690,True,False,72.91,76.61
NSW1,2013-02,52.12,53.99,1344,600,True,False,75.07,77.77
NSW1,2013-03,52.51,54.59,1488,630,True,False,75.55,78.54
NSW1,2013-04,54.03,57.11,1440,660,True,False,77.64,82.06
NSW1,2013-05,55.07,58.63,1488,690,True,False,79.03,84.14
NSW1,2013-06,56.5,59.38,1440,600,True,False,80.98,85.11
NSW1,2013-07,57.81,60.31,1488,690,True,False,82.52,86.09
NSW1,2013-08,54.27,56.1,1488,660,True,False,77.16,79.76
NSW1,2013-09,52.71,54.2,1440,630,True,False,74.64,76.75
NSW1,2013-10,51.5,52.2,1488,690,True,False,72.75,73.74
NSW1,2013-11,50.49,51.57,1440,630,True,False,71.16,72.68
NSW1,2013-12,59.03,70.75,1488,660,True,False,82.99,99.47
NSW1,2014-01,52.11,56.66,1488,690,True,False,73.12,79.5
NSW1,2014-02,50.32,52.67,1344,600,True,False,70.47,73.76
NSW1,2014-03,48.68,51.47,1488,630,True,False,68.04,71.94
NSW1,2014-04,48.62,50.31,1440,660,True,False,67.84,70.2
NSW1,2014-05,51.36,55.71,1488,660,True,False,71.54,77.6
NSW1,2014-06,49.74,51.51,1440,630,True,False,69.17,71.63
NSW1,2014-07,41.22,44.36,1488,690,False,False,57.24,61.6
NSW1,2014-08,36.09,39.78,1488,630,False,False,50.05,55.17
NSW1,2014-09,39.97,44.16,1440,660,False,False,55.35,61.15
NSW1,2014-10,31.61,33.88,1488,690,False,False,43.75,46.89
NSW1,2014-11,33.71,40.74,1440,600,False,False,46.62,56.35
NSW1,2014-12,30.65,34.97,1488,690,False,False,42.36,48.34
NSW1,2015-01,36.95,47.01,1488,660,False,False,51.04,64.94
NSW1,2015-02,33.46,38.51,1344,600,False,False,46.19,53.16
NSW1,2015-03,30.79,34.79,1488,660,False,False,42.48,48.0
NSW1,2015-04,35.84,42.22,1440,660,False,False,49.33,58.11
NSW1,2015-05,35.69,40.96,1488,630,False,False,49.0,56.24
NSW1,2015-06,36.09,40.09,1440,660,False,False,49.44,54.92
NSW1,2015-07,39.15,43.31,1488,690,False,False,53.56,59.25
NSW1,2015-08,36.75,39.92,1488,630,False,False,50.21,54.54
NSW1,2015-09,58.0,76.65,1440,660,False,False,79.14,104.59
NSW1,2015-10,36.74,41.57,1488,660,False,False,50.07,56.65
NSW1,2015-11,45.92,61.68,1440,630,False,False,62.5,83.95
NSW1,2015-12,44.56,50.38,1488,690,False,False,60.57,68.48
NSW1,2016-01,45.21,60.36,1488,630,False,False,61.49,82.1
NSW1,2016-02,38.81,45.53,1392,630,False,False,52.82,61.97
NSW1,2016-03,44.66,48.76,1488,690,False,False,60.82,66.41
NSW1,2016-04,66.03,73.74,1440,630,False,False,89.8,100.28
NSW1,2016-05,66.85,77.94,1488,660,False,False,90.78,105.84
NSW1,2016-06,97.69,117.25,1440,660,False,False,132.47,158.99
NSW1,2016-07,66.08,83.74,1488,630,False,False,89.39,113.29
NSW1,2016-08,48.1,56.26,1488,690,False,False,64.92,75.93
NSW1,2016-09,44.88,49.22,1440,660,False,False,60.43,66.28
NSW1,2016-10,55.23,57.83,1488,630,False,False,74.24,77.73
NSW1,2016-11,83.13,113.21,1440,660,False,False,111.55,151.91
NSW1,2016-12,51.53,58.86,1488,660,False,False,69.02,78.84
NSW1,2017-01,82.69,105.28,1488,660,False,False,110.59,140.81
NSW1,2017-02,178.59,277.26,1344,600,False,False,238.49,370.26
NSW1,2017-03,92.71,108.11,1488,690,False,False,123.62,144.15
NSW1,2017-04,106.46,113.81,1440,600,False,False,141.86,151.65
NSW1,2017-05,89.67,94.68,1488,690,False,False,119.41,126.08
NSW1,2017-06,84.86,88.32,1440,660,False,False,112.93,117.53
NSW1,2017-07,91.13,100.78,1488,630,False,False,121.03,133.84
NSW1,2017-08,102.15,109.0,1488,690,False,False,135.39,144.47
NSW1,2017-09,87.24,91.17,1440,630,False,False,115.39,120.59
NSW1,2017-10,82.18,89.32,1488,660,False,False,108.46,117.88
NSW1,2017-11,78.78,86.6,1440,660,False,False,103.74,114.03
NSW1,2017-12,76.56,87.2,1488,630,False,False,100.59,114.57
NSW1,2018-01,76.02,83.48,1488,690,False,False,99.73,109.52
NSW1,2018-02,72.79,79.85,1344,600,False,False,95.36,104.61
NSW1,2018-03,66.71,69.42,1488,660,False,False,87.27,90.81
NSW1,2018-04,75.13,84.73,1440,630,False,False,98.16,110.71
NSW1,2018-05,77.27,86.07,1488,690,False,False,100.84,112.32
NSW1,2018-06,100.74,128.32,1440,630,False,False,131.31,167.26
NSW1,2018-07,74.99,83.25,1488,660,False,False,97.61,108.36
NSW1,2018-08,93.02,105.86,1488,690,False,False,120.9,137.59
NSW1,2018-09,93.36,106.62,1440,600,False,False,121.17,138.38
NSW1,2018-10,88.25,100.52,1488,690,False,False,114.34,130.23
NSW1,2018-11,86.04,98.96,1440,660,False,False,111.28,127.99
NSW1,2018-12,83.54,97.51,1488,630,False,False,107.86,125.9
NSW1,2019-01,117.45,156.44,1488,690,False,False,151.65,201.99
NSW1,2019-02,89.22,101.91,1344,600,False,False,115.21,131.59
NSW1,2019-03,87.91,98.23,1488,630,False,False,113.52,126.84
NSW1,2019-04,78.47,87.04,1440,660,False,False,101.13,112.17
NSW1,2019-05,79.12,89.87,1488,690,False,False,101.77,115.59
NSW1,2019-06,91.29,105.9,1440,600,False,False,117.19,135.94
NSW1,2019-07,71.57,79.57,1488,690,False,False,91.7,101.95
NSW1,2019-08,84.04,96.39,1488,660,False,False,107.48,123.27
NSW1,2019-09,95.62,107.69,1440,630,False,False,122.06,137.46
NSW1,2019-10,101.77,109.56,1488,690,False,False,129.61,139.53
NSW1,2019-11,69.9,71.62,1440,630,False,False,88.82,91.01
NSW1,2019-12,52.09,54.66,1488,660,False,False,66.04,69.3
NSW1,2020-01,152.3,185.29,1488,690,False,False,192.84,234.62
NSW1,2020-02,57.5,58.82,1392,600,False,False,72.72,74.39
NSW1,2020-03,46.16,50.81,1488,660,False,False,58.3,64.18
NSW1,2020-04,40.37,45.15,1440,660,False,False,51.32,57.4
NSW1,2020-05,41.95,48.06,1488,630,False,False,53.68,61.49
NSW1,2020-06,48.09,59.77,1440,660,False,False,61.93,76.98
NSW1,2020-07,47.98,55.5,1488,690,False,False,61.48,71.11
NSW1,2020-08,49.86,59.16,1488,630,False,False,63.56,75.41
NSW1,2020-09,40.99,43.79,1440,660,False,False,51.99,55.54
NSW1,2020-10,57.87,69.99,1488,660,False,False,73.17,88.5
NSW1,2020-11,62.49,82.11,1440,630,False,False,78.78,103.51
NSW1,2020-12,71.38,106.96,1488,690,False,False,89.72,134.44
NSW1,2021-01,38.84,42.92,1488,630,False,False,48.72,53.84
NSW1,2021-02,35.13,36.02,1344,600,False,False,43.98,45.1
NSW1,2021-03,38.97,39.58,1488,690,False,False,48.7,49.46
NSW1,2021-04,55.71,66.48,1440,660,False,False,69.45,82.88
NSW1,2021-05,117.59,180.93,1488,630,False,False,146.23,225.0
NSW1,2021-06,160.04,253.1,1440,660,False,False,198.54,313.99
NSW1,2021-07,124.01,173.08,1488,660,False,False,153.41,214.11
NSW1,2021-08,60.15,65.54,1488,660,False,False,74.2,80.85
NSW1,2021-09,48.9,47.34,1440,660,False,False,60.15,58.23
NSW1,2021-10,57.12,59.1,8928,3780,False,False,69.97,72.39
NSW1,2021-11,64.44,72.48,8640,3960,False,False,78.6,88.41
NSW1,2021-12,67.96,69.23,8928,4140,False,False,82.55,84.09
NSW1,2022-01,77.17,81.24,8928,3780,False,False,93.06,97.97
NSW1,2022-02,83.03,92.35,8064,3600,False,False,99.42,110.58
NSW1,2022-03,100.68,104.53,8928,4140,False,False,119.7,124.28
NSW1,2022-04,186.87,203.84,8640,3780,False,False,220.86,240.92
NSW1,2022-05,320.48,385.04,8928,3960,False,False,376.55,452.4
NSW1,2022-06,398.04,440.3,8640,3960,False,False,464.93,514.29
NSW1,2022-07,371.17,424.92,8928,3780,False,False,430.91,493.31
NSW1,2022-08,148.32,156.02,8928,4140,False,False,171.15,180.03
NSW1,2022-09,153.87,157.12,8640,3960,False,False,176.48,180.21
NSW1,2022-10,151.65,155.89,8928,3780,False,False,172.87,177.71
NSW1,2022-11,112.9,107.07,8640,3960,False,False,127.92,121.31
NSW1,2022-12,82.64,73.02,8928,3960,False,False,93.06,82.23
NSW1,2023-01,94.39,96.11,8928,3960,False,False,105.82,107.75
NSW1,2023-02,90.13,96.31,8064,3600,False,False,100.59,107.49
NSW1,2023-03,116.01,134.85,8928,4140,False,False,128.9,149.83
NSW1,2023-04,110.84,116.38,8640,3600,False,False,122.8,128.94
NSW1,2023-05,193.99,229.73,8928,4140,False,False,214.32,253.8
NSW1,2023-06,105.2,123.49,8640,3960,False,False,115.89,136.04
NSW1,2023-07,84.15,93.26,8928,3780,False,False,92.35,102.35
NSW1,2023-08,93.31,104.13,8928,4140,False,False,102.01,113.84
NSW1,2023-09,64.54,70.32,8640,3780,False,False,70.29,76.59
NSW1,2023-10,42.08,42.05,8928,3960,False,False,45.73,45.7
NSW1,2023-11,87.35,94.52,8640,3960,False,False,94.74,102.51
NSW1,2023-12,68.26,81.87,8928,3780,False,False,73.88,88.61
NSW1,2024-01,81.17,80.61,8928,4140,False,False,87.58,86.97
NSW1,2024-02,111.66,160.96,8352,3780,False,False,120.1,173.13
NSW1,2024-03,70.47,70.44,8928,3780,False,False,75.57,75.53
NSW1,2024-04,89.83,86.08,8640,3960,False,False,95.99,91.98
NSW1,2024-05,273.56,425.84,8928,4140,False,False,291.31,453.47
NSW1,2024-06,152.75,173.3,8640,3600,False,False,162.1,183.91
NSW1,2024-07,127.17,154.76,8928,4140,False,False,134.85,164.11
NSW1,2024-08,174.45,252.78,8928,3960,False,False,184.86,267.86
NSW1,2024-09,58.02,49.48,8640,3780,False,False,61.44,52.39
NSW1,2024-10,77.41,81.87,8928,4140,False,False,81.92,86.63
NSW1,2024-11,219.68,359.85,8640,3780,False,False,232.31,380.54
NSW1,2024-12,134.73,174.39,8928,3960,False,False,142.38,184.3
NSW1,2025-01,83.34,94.22,8928,4140,False,False,87.81,99.27
NSW1,2025-02,90.33,100.13,8064,3600,False,False,94.88,105.17
NSW1,2025-03,89.96,82.44,8928,3780,False,False,94.2,86.33
NSW1,2025-04,104.07,107.29,8640,3960,False,False,108.71,112.07
NSW1,2025-05,123.02,161.89,8928,3960,False,False,128.19,168.69
NSW1,2025-06,256.2,434.67,8640,3780,False,False,266.3,451.8
NSW1,2025-07,96.95,106.87,8928,4140,False,False,100.33,110.6
NSW1,2025-08,101.25,112.17,8928,3780,False,False,104.32,115.57
NSW1,2025-09,71.24,66.6,8640,3960,False,False,73.08,68.32
NSW1,2025-10,77.02,75.83,8928,4140,False,False,78.86,77.64
NSW1,2025-11,76.93,84.03,8640,3600,False,False,78.61,85.87
NSW1,2025-12,71.36,78.22,8928,4140,False,False,72.78,79.77
NSW1,2026-01,67.22,45.78,8928,3960,False,False,68.24,46.48
NSW1,2026-02,83.76,97.36,8064,3600,False,False,84.65,98.39
NSW1,2026-03,70.36,71.46,8928,3960,False,False,70.78,71.89
NSW1,2026-04,59.73,52.96,8640,3960,False,False,59.97,53.17
NSW1,2026-05,82.01,87.26,8928,3780,False,False,82.17,87.43
NSW1,2026-06,83.3,86.76,8640,3960,False,False,83.3,86.76
NSW1,2026-07,81.52,85.23,8928,4140,False,True,81.52,85.23
NSW1,2026-08,75.71,74.11,8928,3780,False,True,75.71,74.11
NSW1,2026-09,65.32,59.17,8640,3960,False,True,65.32,59.17
QLD1,2003-07,43.78,72.23,1488,690,False,False,81.85,135.04
QLD1,2003-08,16.91,18.83,1488,630,False,False,31.56,35.14
QLD1,2003-09,16.05,18.68,1440,660,False,False,29.89,34.79
QLD1,2003-10,14.89,16.82,1488,690,False,False,27.68,31.27
QLD1,2003-11,20.74,19.1,1440,600,False,False,38.49,35.45
QLD1,2003-12,22.66,28.75,1488,690,False,False,41.98,53.27
QLD1,2004-01,23.07,26.68,1488,660,False,False,42.62,49.29
QLD1,2004-02,40.68,46.91,1392,600,False,False,74.93,86.4
QLD1,2004-03,55.86,100.84,1488,690,False,False,102.59,185.19
QLD1,2004-04,28.25,34.56,1440,660,False,False,51.8,63.37
QLD1,2004-05,28.9,33.29,1488,630,False,False,52.91,60.95
QLD1,2004-06,26.51,27.84,1440,660,False,False,48.46,50.89
QLD1,2004-07,25.17,25.41,1488,660,False,False,45.95,46.38
QLD1,2004-08,24.53,27.09,1488,660,False,False,44.72,49.38
QLD1,2004-09,27.65,32.69,1440,660,False,False,50.34,59.51
QLD1,2004-10,51.18,82.26,1488,630,False,False,92.93,149.37
QLD1,2004-11,50.92,76.82,1440,660,False,False,92.23,139.14
QLD1,2004-12,31.65,41.15,1488,690,False,False,57.18,74.34
QLD1,2005-01,22.88,27.15,1488,630,False,False,41.24,48.94
QLD1,2005-02,31.03,48.11,1344,600,False,False,55.81,86.53
QLD1,2005-03,16.58,18.01,1488,690,False,False,29.75,32.32
QLD1,2005-04,23.77,28.98,1440,630,False,False,42.57,51.9
QLD1,2005-05,20.88,23.33,1488,660,False,False,37.32,41.7
QLD1,2005-06,21.7,25.39,1440,660,False,False,38.71,45.29
QLD1,2005-07,18.55,20.75,1488,630,False,False,32.98,36.89
QLD1,2005-08,20.33,24.2,1488,690,False,False,36.03,42.89
QLD1,2005-09,23.99,30.54,1440,660,False,False,42.38,53.95
QLD1,2005-10,25.36,36.83,1488,630,False,False,44.72,64.94
QLD1,2005-11,19.84,24.54,1440,660,False,False,34.92,43.2
QLD1,2005-12,57.3,103.94,1488,660,False,False,100.69,182.65
QLD1,2006-01,29.84,45.54,1488,660,False,False,52.29,79.8
QLD1,2006-02,54.34,97.12,1344,600,False,False,94.95,169.7
QLD1,2006-03,19.67,24.16,1488,690,False,False,34.27,42.09
QLD1,2006-04,21.63,30.02,1440,600,False,False,37.49,52.03
QLD1,2006-05,23.17,29.84,1488,690,False,False,39.95,51.45
QLD1,2006-06,25.25,30.42,1440,660,False,False,43.31,52.18
QLD1,2006-07,29.52,41.97,1488,630,False,False,50.48,71.77
QLD1,2006-08,24.59,29.5,1488,690,False,False,41.93,50.3
QLD1,2006-09,19.58,22.04,1440,630,False,False,33.29,37.47
QLD1,2006-10,20.37,23.73,1488,660,False,False,34.64,40.36
QLD1,2006-11,26.13,33.31,1440,660,False,False,44.46,56.67
QLD1,2006-12,19.99,25.1,1488,630,False,False,34.02,42.72
QLD1,2007-01,73.68,129.29,1488,690,False,False,125.37,220.0
QLD1,2007-02,37.58,52.61,1344,600,False,False,63.93,89.5
QLD1,2007-03,47.57,62.57,1488,660,False,False,80.9,106.41
QLD1,2007-04,75.11,98.12,1440,630,False,False,127.21,166.18
QLD1,2007-05,61.08,72.22,1488,690,False,False,103.03,121.82
QLD1,2007-06,192.45,321.71,1440,630,False,False,323.31,540.46
QLD1,2007-07,70.87,94.17,1488,660,False,False,118.79,157.84
QLD1,2007-08,37.99,44.34,1488,690,False,False,63.53,74.15
QLD1,2007-09,51.14,68.02,1440,600,False,False,85.33,113.49
QLD1,2007-10,62.76,97.38,1488,690,False,False,104.39,161.97
QLD1,2007-11,54.74,50.27,1440,660,False,False,90.77,83.36
QLD1,2007-12,37.7,57.34,1488,630,False,False,62.32,94.79
QLD1,2008-01,47.47,74.97,1488,690,False,False,78.12,123.38
QLD1,2008-02,131.11,163.66,1392,630,False,False,214.82,268.15
QLD1,2008-03,29.3,39.96,1488,630,False,False,47.79,65.18
QLD1,2008-04,28.48,34.7,1440,660,False,False,46.23,56.33
QLD1,2008-05,39.38,45.62,1488,660,False,False,63.62,73.7
QLD1,2008-06,41.13,51.14,1440,630,False,False,66.13,82.23
QLD1,2008-07,36.36,50.62,1488,690,False,False,58.24,81.08
QLD1,2008-08,35.81,43.27,1488,630,False,False,57.14,69.04
QLD1,2008-09,30.89,37.03,1440,660,False,False,49.1,58.86
QLD1,2008-10,40.11,56.74,1488,690,False,False,63.82,90.28
QLD1,2008-11,37.39,53.74,1440,600,False,False,59.56,85.6
QLD1,2008-12,33.45,46.12,1488,690,False,False,53.34,73.54
QLD1,2009-01,40.28,58.47,1488,660,False,False,64.21,93.2
QLD1,2009-02,38.15,52.32,1344,600,False,False,60.79,83.37
QLD1,2009-03,25.71,32.41,1488,660,False,False,40.95,51.62
QLD1,2009-04,32.11,40.63,1440,660,False,False,51.06,64.61
QLD1,2009-05,27.23,31.94,1488,630,False,False,43.23,50.71
QLD1,2009-06,30.76,41.11,1440,660,False,False,48.75,65.16
QLD1,2009-07,27.39,33.01,1488,690,False,False,43.28,52.16
QLD1,2009-08,23.19,26.82,1488,630,False,False,36.53,42.24
QLD1,2009-09,24.54,27.26,1440,660,False,False,38.53,42.8
QLD1,2009-10,26.33,31.16,1488,660,False,False,41.27,48.84
QLD1,2009-11,84.44,158.53,1440,630,False,False,132.11,248.03
QLD1,2009-12,30.9,44.61,1488,690,False,False,48.26,69.67
QLD1,2010-01,55.66,101.2,1488,630,False,False,86.66,157.56
QLD1,2010-02,39.41,63.27,1344,600,False,False,61.17,98.2
QLD1,2010-03,24.2,30.33,1488,690,False,False,37.45,46.93
QLD1,2010-04,21.24,22.6,1440,660,False,False,32.8,34.9
QLD1,2010-05,20.96,24.88,1488,630,False,False,32.3,38.34
QLD1,2010-06,22.53,25.21,1440,660,False,False,34.65,38.77
QLD1,2010-07,20.93,24.09,1488,660,False,False,32.11,36.96
QLD1,2010-08,21.24,22.59,1488,660,False,False,32.51,34.58
QLD1,2010-09,21.2,23.24,1440,660,False,False,32.37,35.49
QLD1,2010-10,20.0,22.18,1488,630,False,False,30.5,33.83
QLD1,2010-11,17.64,20.01,1440,660,False,False,26.87,30.48
QLD1,2010-12,22.08,26.91,1488,690,False,False,33.59,40.93
QLD1,2011-01,43.68,68.54,1488,630,False,False,66.1,103.72
QLD1,2011-02,105.66,195.87,1344,600,False,False,159.08,294.9
QLD1,2011-03,27.43,31.52,1488,690,False,False,41.09,47.22
QLD1,2011-04,25.03,26.6,1440,630,False,False,37.38,39.72
QLD1,2011-05,27.49,28.87,1488,660,False,False,40.93,42.98
QLD1,2011-06,25.32,28.21,1440,660,False,False,37.58,41.87
QLD1,2011-07,26.46,30.66,1488,630,False,False,39.2,45.42
QLD1,2011-08,28.89,31.73,1488,690,False,False,42.71,46.91
QLD1,2011-09,28.86,33.52,1440,660,False,False,42.58,49.46
QLD1,2011-10,27.3,29.71,1488,630,False,False,40.28,43.84
QLD1,2011-11,33.55,42.27,1440,660,False,False,49.5,62.37
QLD1,2011-12,25.57,28.05,1488,660,False,False,37.73,41.39
QLD1,2012-01,32.22,41.72,1488,660,False,False,47.53,61.55
QLD1,2012-02,30.05,37.79,1392,630,False,False,44.32,55.74
QLD1,2012-03,27.19,30.99,1488,660,False,False,40.1,45.7
QLD1,2012-04,29.2,32.09,1440,630,False,False,42.98,47.24
QLD1,2012-05,25.64,27.85,1488,690,False,False,37.68,40.93
QLD1,2012-06,34.3,39.01,1440,630,False,False,50.32,57.23
QLD1,2012-07,63.56,70.91,1488,660,True,False,92.82,103.56
QLD1,2012-08,53.72,58.48,1488,690,True,False,78.1,85.02
QLD1,2012-09,52.65,55.91,1440,600,True,False,76.2,80.92
QLD1,2012-10,52.51,54.41,1488,690,True,False,75.93,78.68
QLD1,2012-11,54.2,60.55,1440,660,True,False,78.31,87.49
QLD1,2012-12,59.15,73.22,1488,630,True,False,85.39,105.7
QLD1,2013-01,155.9,173.18,1488,690,True,False,224.81,249.73
QLD1,2013-02,58.85,68.49,1344,600,True,False,84.77,98.65
QLD1,2013-03,73.8,76.61,1488,630,True,False,106.18,110.22
QLD1,2013-04,55.4,60.23,1440,660,True,False,79.61,86.55
QLD1,2013-05,57.89,64.49,1488,690,True,False,83.08,92.55
QLD1,2013-06,64.44,77.33,1440,600,True,False,92.36,110.84
QLD1,2013-07,60.94,63.8,1488,690,True,False,86.99,91.08
QLD1,2013-08,61.31,58.21,1488,660,True,False,87.17,82.76
QLD1,2013-09,56.08,62.16,1440,630,True,False,79.41,88.02
QLD1,2013-10,61.36,66.9,1488,690,True,False,86.68,94.51
QLD1,2013-11,54.43,59.25,1440,630,True,False,76.71,83.5
QLD1,2013-12,58.24,61.98,1488,660,True,False,81.88,87.14
QLD1,2014-01,71.1,84.04,1488,690,True,False,99.77,117.92
QLD1,2014-02,77.83,107.64,1344,600,True,False,108.99,150.74
QLD1,2014-03,49.68,55.64,1488,630,True,False,69.44,77.77
QLD1,2014-04,49.25,52.74,1440,660,True,False,68.72,73.59
QLD1,2014-05,51.05,53.77,1488,660,True,False,71.11,74.9
QLD1,2014-06,50.92,51.52,1440,630,True,False,70.81,71.65
QLD1,2014-07,32.8,37.22,1488,690,False,False,45.55,51.69
QLD1,2014-08,25.92,29.47,1488,630,False,False,35.94,40.87
QLD1,2014-09,33.77,42.1,1440,660,False,False,46.77,58.3
QLD1,2014-10,23.45,27.87,1488,690,False,False,32.45,38.57
QLD1,2014-11,39.45,57.59,1440,600,False,False,54.56,79.65
QLD1,2014-12,107.29,204.47,1488,690,False,False,148.3,282.62
QLD1,2015-01,117.34,178.32,1488,660,False,False,162.08,246.32
QLD1,2015-02,33.77,42.37,1344,600,False,False,46.62,58.49
QLD1,2015-03,117.62,213.34,1488,660,False,False,162.27,294.32
QLD1,2015-04,32.05,37.15,1440,660,False,False,44.11,51.13
QLD1,2015-05,31.14,34.15,1488,630,False,False,42.76,46.89
QLD1,2015-06,31.51,35.71,1440,660,False,False,43.16,48.92
QLD1,2015-07,46.66,41.74,1488,690,False,False,63.83,57.1
QLD1,2015-08,40.29,46.41,1488,630,False,False,55.05,63.41
QLD1,2015-09,44.79,47.7,1440,660,False,False,61.12,65.09
QLD1,2015-10,36.49,41.27,1488,660,False,False,49.73,56.24
QLD1,2015-11,45.3,61.01,1440,630,False,False,61.65,83.03
QLD1,2015-12,43.08,49.39,1488,690,False,False,58.56,67.13
QLD1,2016-01,51.55,70.81,1488,630,False,False,70.12,96.31
QLD1,2016-02,121.31,204.45,1392,630,False,False,165.11,278.27
QLD1,2016-03,71.03,82.48,1488,690,False,False,96.74,112.33
QLD1,2016-04,66.49,75.07,1440,630,False,False,90.42,102.09
QLD1,2016-05,69.4,82.99,1488,660,False,False,94.24,112.7
QLD1,2016-06,87.53,103.19,1440,660,False,False,118.69,139.93
QLD1,2016-07,60.92,78.05,1488,630,False,False,82.41,105.59
QLD1,2016-08,47.96,56.61,1488,690,False,False,64.73,76.41
QLD1,2016-09,46.06,52.12,1440,660,False,False,62.02,70.18
QLD1,2016-10,53.73,58.49,1488,630,False,False,72.22,78.62
QLD1,2016-11,69.44,86.38,1440,660,False,False,93.18,115.91
QLD1,2016-12,67.3,79.22,1488,660,False,False,90.15,106.11
QLD1,2017-01,197.65,224.16,1488,660,False,False,264.35,299.8
QLD1,2017-02,239.59,301.24,1344,600,False,False,319.95,402.28
QLD1,2017-03,88.75,104.1,1488,690,False,False,118.34,138.8
QLD1,2017-04,94.76,101.75,1440,600,False,False,126.27,135.58
QLD1,2017-05,86.26,91.59,1488,690,False,False,114.87,121.97
QLD1,2017-06,76.46,81.54,1440,660,False,False,101.75,108.51
QLD1,2017-07,77.6,85.94,1488,630,False,False,103.06,114.13
QLD1,2017-08,81.68,89.39,1488,690,False,False,108.26,118.48
QLD1,2017-09,80.54,86.96,1440,630,False,False,106.53,115.02
QLD1,2017-10,78.22,88.73,1488,660,False,False,103.23,117.1
QLD1,2017-11,65.37,72.09,1440,660,False,False,86.08,94.93
QLD1,2017-12,71.53,81.27,1488,630,False,False,93.98,106.78
QLD1,2018-01,75.78,82.13,1488,690,False,False,99.42,107.75
QLD1,2018-02,71.84,82.76,1344,600,False,False,94.11,108.42
QLD1,2018-03,62.53,66.37,1488,660,False,False,81.8,86.82
QLD1,2018-04,63.72,68.6,1440,630,False,False,83.26,89.63
QLD1,2018-05,65.08,70.71,1488,690,False,False,84.93,92.28
QLD1,2018-06,80.42,93.72,1440,630,False,False,104.83,122.16
QLD1,2018-07,69.12,76.23,1488,660,False,False,89.97,99.22
QLD1,2018-08,82.49,92.12,1488,690,False,False,107.21,119.73
QLD1,2018-09,80.6,91.73,1440,600,False,False,104.61,119.05
QLD1,2018-10,78.34,88.37,1488,690,False,False,101.5,114.49
QLD1,2018-11,88.86,104.79,1440,660,False,False,114.93,135.53
QLD1,2018-12,79.18,92.64,1488,630,False,False,102.23,119.61
QLD1,2019-01,93.91,112.52,1488,690,False,False,121.26,145.29
QLD1,2019-02,84.1,94.42,1344,600,False,False,108.59,121.92
QLD1,2019-03,80.89,90.75,1488,630,False,False,104.45,117.19
QLD1,2019-04,68.64,76.31,1440,660,False,False,88.46,98.34
QLD1,2019-05,72.81,81.39,1488,690,False,False,93.65,104.69
QLD1,2019-06,85.0,97.66,1440,600,False,False,109.11,125.37
QLD1,2019-07,66.17,71.88,1488,690,False,False,84.78,92.1
QLD1,2019-08,61.73,64.78,1488,660,False,False,78.94,82.85
QLD1,2019-09,58.52,62.58,1440,630,False,False,74.7,79.88
QLD1,2019-10,74.16,76.19,1488,690,False,False,94.45,97.03
QLD1,2019-11,61.08,65.51,1440,630,False,False,77.61,83.24
QLD1,2019-12,54.83,58.9,1488,660,False,False,69.51,74.67
QLD1,2020-01,66.79,83.67,1488,690,False,False,84.57,105.94
QLD1,2020-02,53.81,57.86,1392,600,False,False,68.05,73.17
QLD1,2020-03,41.27,45.75,1488,660,False,False,52.13,57.79
QLD1,2020-04,36.99,40.1,1440,660,False,False,47.02,50.98
QLD1,2020-05,31.18,34.75,1488,630,False,False,39.9,44.46
QLD1,2020-06,33.71,34.44,1440,660,False,False,43.41,44.35
QLD1,2020-07,38.23,41.78,1488,690,False,False,48.98,53.53
QLD1,2020-08,30.45,29.57,1488,630,False,False,38.82,37.69
QLD1,2020-09,27.36,26.69,1440,660,False,False,34.7,33.85
QLD1,2020-10,35.22,37.49,1488,660,False,False,44.53,47.4
QLD1,2020-11,45.35,53.4,1440,630,False,False,57.17,67.32
QLD1,2020-12,54.46,65.67,1488,690,False,False,68.45,82.54
QLD1,2021-01,40.35,43.89,1488,630,False,False,50.62,55.06
QLD1,2021-02,41.69,47.64,1344,600,False,False,52.2,59.65
QLD1,2021-03,45.81,53.26,1488,690,False,False,57.25,66.56
QLD1,2021-04,53.46,56.93,1440,660,False,False,66.64,70.97
QLD1,2021-05,129.25,220.15,1488,630,False,False,160.73,273.78
QLD1,2021-06,200.72,324.63,1440,660,False,False,249.01,402.73
QLD1,2021-07,135.08,183.83,1488,660,False,False,167.1,227.41
QLD1,2021-08,53.55,54.97,1488,660,False,False,66.06,67.81
QLD1,2021-09,51.22,52.06,1440,660,False,False,63.01,64.04
QLD1,2021-10,66.48,80.58,8928,3780,False,False,81.43,98.7
QLD1,2021-11,96.55,132.36,8640,3960,False,False,117.77,161.45
QLD1,2021-12,128.61,183.16,8928,4140,False,False,156.22,222.48
QLD1,2022-01,139.9,190.01,8928,3780,False,False,168.71,229.15
QLD1,2022-02,162.72,257.02,8064,3600,False,False,194.84,307.76
QLD1,2022-03,147.2,196.67,8928,4140,False,False,175.01,233.83
QLD1,2022-04,219.76,265.6,8640,3780,False,False,259.74,313.92
QLD1,2022-05,347.28,415.02,8928,3960,False,False,408.03,487.62
QLD1,2022-06,400.23,434.78,8640,3960,False,False,467.49,507.85
QLD1,2022-07,391.59,506.1,8928,3780,False,False,454.61,587.55
QLD1,2022-08,133.51,128.9,8928,4140,False,False,154.06,148.74
QLD1,2022-09,156.9,152.29,8640,3960,False,False,179.96,174.67
QLD1,2022-10,154.05,161.36,8928,3780,False,False,175.61,183.94
QLD1,2022-11,121.5,118.57,8640,3960,False,False,137.66,134.34
QLD1,2022-12,85.46,76.98,8928,3960,False,False,96.24,86.69
QLD1,2023-01,98.96,113.76,8928,3960,False,False,110.94,127.53
QLD1,2023-02,88.79,95.65,8064,3600,False,False,99.1,106.75
QLD1,2023-03,123.08,157.17,8928,4140,False,False,136.75,174.63
QLD1,2023-04,109.94,111.3,8640,3600,False,False,121.81,123.31
QLD1,2023-05,164.9,185.96,8928,4140,False,False,182.18,205.44
QLD1,2023-06,102.62,117.48,8640,3960,False,False,113.05,129.42
QLD1,2023-07,77.27,82.6,8928,3780,False,False,84.8,90.65
QLD1,2023-08,67.63,63.8,8928,4140,False,False,73.94,69.75
QLD1,2023-09,50.77,49.13,8640,3780,False,False,55.29,53.51
QLD1,2023-10,37.05,32.14,8928,3960,False,False,40.27,34.93
QLD1,2023-11,72.97,73.61,8640,3960,False,False,79.14,79.83
QLD1,2023-12,93.0,117.42,8928,3780,False,False,100.65,127.08
QLD1,2024-01,160.43,172.96,8928,4140,False,False,173.1,186.62
QLD1,2024-02,119.73,164.52,8352,3780,False,False,128.78,176.96
QLD1,2024-03,74.09,74.51,8928,3780,False,False,79.45,79.9
QLD1,2024-04,84.81,77.07,8640,3960,False,False,90.63,82.36
QLD1,2024-05,92.69,86.87,8928,4140,False,False,98.7,92.51
QLD1,2024-06,124.67,126.65,8640,3600,False,False,132.3,134.4
QLD1,2024-07,119.06,134.9,8928,4140,False,False,126.25,143.05
QLD1,2024-08,130.1,161.51,8928,3960,False,False,137.86,171.15
QLD1,2024-09,49.66,31.89,8640,3780,False,False,52.58,33.77
QLD1,2024-10,70.85,62.11,8928,4140,False,False,74.97,65.72
QLD1,2024-11,177.48,259.94,8640,3780,False,False,187.69,274.89
QLD1,2024-12,134.44,151.28,8928,3960,False,False,142.08,159.87
QLD1,2025-01,114.01,148.05,8928,4140,False,False,120.12,155.98
QLD1,2025-02,74.91,72.28,8064,3600,False,False,78.68,75.92
QLD1,2025-03,79.01,80.88,8928,3780,False,False,82.74,84.7
QLD1,2025-04,98.5,99.71,8640,3960,False,False,102.89,104.16
QLD1,2025-05,95.63,107.96,8928,3960,False,False,99.65,112.49
QLD1,2025-06,169.34,251.74,8640,3780,False,False,176.02,261.66
QLD1,2025-07,82.13,82.14,8928,4140,False,False,84.99,85.0
QLD1,2025-08,78.2,72.79,8928,3780,False,False,80.57,75.0
QLD1,2025-09,54.35,41.13,8640,3960,False,False,55.76,42.19
QLD1,2025-10,55.66,45.44,8928,4140,False,False,56.99,46.52
QLD1,2025-11,63.05,48.78,8640,3600,False,False,64.43,49.85
QLD1,2025-12,54.38,46.91,8928,4140,False,False,55.46,47.84
QLD1,2026-01,64.03,64.85,8928,3960,False,False,65.0,65.83
QLD1,2026-02,69.87,72.6,8064,3600,False,False,70.61,73.37
QLD1,2026-03,62.64,61.35,8928,3960,False,False,63.02,61.72
QLD1,2026-04,53.31,45.71,8640,3960,False,False,53.52,45.89
QLD1,2026-05,76.34,78.62,8928,3780,False,False,76.49,78.78
QLD1,2026-06,71.43,70.64,8640,3960,False,False,71.43,70.64
QLD1,2026-07,65.43,65.74,8928,4140,False,True,65.43,65.74
QLD1,2026-08,60.42,55.16,8928,3780,False,True,60.42,55.16
QLD1,2026-09,57.1,47.88,8640,3960,False,True,57.1,47.88
SA1,2003-07,27.08,34.22,1488,690,False,False,50.63,63.98
SA1,2003-08,22.8,26.67,1488,630,False,False,42.55,49.77
SA1,2003-09,23.25,27.88,1440,660,False,False,43.3,51.93
SA1,2003-10,25.13,29.2,1488,690,False,False,46.72,54.29
SA1,2003-11,32.51,49.99,1440,600,False,False,60.34,92.78
SA1,2003-12,30.76,43.9,1488,690,False,False,56.99,81.34
SA1,2004-01,32.74,37.02,1488,660,False,False,60.48,68.39
SA1,2004-02,86.83,108.36,1392,600,False,False,159.93,199.59
SA1,2004-03,41.75,64.03,1488,690,False,False,76.67,117.59
SA1,2004-04,31.54,37.46,1440,660,False,False,57.83,68.69
SA1,2004-05,34.08,40.35,1488,630,False,False,62.39,73.87
SA1,2004-06,32.57,36.97,1440,660,False,False,59.54,67.58
SA1,2004-07,39.48,50.49,1488,660,False,False,72.07,92.17
SA1,2004-08,32.37,33.63,1488,660,False,False,59.01,61.31
SA1,2004-09,30.72,34.13,1440,660,False,False,55.92,62.13
SA1,2004-10,41.25,54.24,1488,630,False,False,74.9,98.49
SA1,2004-11,64.89,93.82,1440,660,False,False,117.53,169.93
SA1,2004-12,33.77,40.03,1488,690,False,False,61.01,72.32
SA1,2005-01,30.77,41.27,1488,630,False,False,55.47,74.39
SA1,2005-02,26.0,31.78,1344,600,False,False,46.76,57.16
SA1,2005-03,31.87,43.76,1488,690,False,False,57.19,78.53
SA1,2005-04,35.33,42.73,1440,630,False,False,63.28,76.53
SA1,2005-05,37.9,46.1,1488,660,False,False,67.75,82.4
SA1,2005-06,27.95,33.03,1440,660,False,False,49.86,58.92
SA1,2005-07,30.79,37.43,1488,630,False,False,54.75,66.55
SA1,2005-08,33.18,43.62,1488,690,False,False,58.8,77.3
SA1,2005-09,31.34,38.75,1440,660,False,False,55.36,68.45
SA1,2005-10,30.15,37.91,1488,630,False,False,53.17,66.85
SA1,2005-11,40.62,63.78,1440,660,False,False,71.5,112.27
SA1,2005-12,46.59,71.8,1488,660,False,False,81.87,126.17
SA1,2006-01,72.71,109.42,1488,660,False,False,127.41,191.73
SA1,2006-02,31.48,47.75,1344,600,False,False,55.0,83.43
SA1,2006-03,29.6,35.95,1488,690,False,False,51.57,62.64
SA1,2006-04,27.89,34.09,1440,600,False,False,48.34,59.08
SA1,2006-05,38.56,52.84,1488,690,False,False,66.48,91.1
SA1,2006-06,39.22,48.29,1440,660,False,False,67.27,82.83
SA1,2006-07,49.85,70.33,1488,630,False,False,85.25,120.27
SA1,2006-08,37.65,42.92,1488,690,False,False,64.2,73.18
SA1,2006-09,31.63,38.61,1440,630,False,False,53.77,65.64
SA1,2006-10,29.21,36.14,1488,660,False,False,49.68,61.46
SA1,2006-11,36.35,43.58,1440,660,False,False,61.85,74.15
SA1,2006-12,38.69,57.21,1488,630,False,False,65.85,97.37
SA1,2007-01,66.49,111.85,1488,690,False,False,113.14,190.32
SA1,2007-02,52.77,74.81,1344,600,False,False,89.77,127.26
SA1,2007-03,48.57,69.11,1488,660,False,False,82.6,117.53
SA1,2007-04,69.79,82.43,1440,630,False,False,118.2,139.61
SA1,2007-05,56.94,70.96,1488,690,False,False,96.05,119.7
SA1,2007-06,102.63,134.77,1440,630,False,False,172.42,226.41
SA1,2007-07,85.59,114.47,1488,660,False,False,143.46,191.86
SA1,2007-08,41.6,50.44,1488,690,False,False,69.57,84.35
SA1,2007-09,43.14,53.12,1440,600,False,False,71.98,88.63
SA1,2007-10,35.15,43.19,1488,690,False,False,58.47,71.84
SA1,2007-11,42.04,53.9,1440,660,False,False,69.71,89.38
SA1,2007-12,45.72,63.59,1488,630,False,False,75.58,105.12
SA1,2008-01,120.44,226.4,1488,690,False,False,198.21,372.59
SA1,2008-02,126.6,248.17,1392,630,False,False,207.43,406.61
SA1,2008-03,208.16,449.78,1488,630,False,False,339.55,733.69
SA1,2008-04,41.78,51.02,1440,660,False,False,67.82,82.82
SA1,2008-05,51.0,60.09,1488,660,False,False,82.4,97.08
SA1,2008-06,40.11,48.3,1440,630,False,False,64.49,77.66
SA1,2008-07,43.48,60.27,1488,690,False,False,69.64,96.53
SA1,2008-08,41.25,50.96,1488,630,False,False,65.82,81.31
SA1,2008-09,31.53,40.94,1440,660,False,False,50.11,65.07
SA1,2008-10,35.57,44.98,1488,690,False,False,56.6,71.57
SA1,2008-11,32.04,42.4,1440,600,False,False,51.04,67.54
SA1,2008-12,24.53,29.56,1488,690,False,False,39.12,47.14
SA1,2009-01,228.65,475.33,1488,660,False,False,364.47,757.69
SA1,2009-02,38.64,51.24,1344,600,False,False,61.57,81.65
SA1,2009-03,31.78,44.56,1488,660,False,False,50.62,70.98
SA1,2009-04,35.57,45.57,1440,660,False,False,56.56,72.47
SA1,2009-05,33.81,39.51,1488,630,False,False,53.68,62.73
SA1,2009-06,31.29,38.28,1440,660,False,False,49.59,60.67
SA1,2009-07,27.36,33.33,1488,690,False,False,43.23,52.66
SA1,2009-08,22.76,29.16,1488,630,False,False,35.85,45.93
SA1,2009-09,26.24,33.55,1440,660,False,False,41.2,52.68
SA1,2009-10,27.98,34.71,1488,660,False,False,43.85,54.4
SA1,2009-11,197.21,418.78,1440,630,False,False,308.54,655.19
SA1,2009-12,23.83,29.67,1488,690,False,False,37.22,46.34
SA1,2010-01,97.37,190.52,1488,630,False,False,151.6,296.62
SA1,2010-02,132.04,266.94,1344,600,False,False,204.94,414.32
SA1,2010-03,23.58,27.43,1488,690,False,False,36.49,42.44
SA1,2010-04,29.56,36.92,1440,660,False,False,45.65,57.01
SA1,2010-05,29.98,34.29,1488,630,False,False,46.2,52.85
SA1,2010-06,35.43,40.54,1440,660,False,False,54.49,62.35
SA1,2010-07,29.28,32.66,1488,660,False,False,44.93,50.11
SA1,2010-08,25.97,31.3,1488,660,False,False,39.75,47.91
SA1,2010-09,25.08,31.02,1440,660,False,False,38.3,47.37
SA1,2010-10,22.22,35.27,1488,630,False,False,33.89,53.79
SA1,2010-11,22.57,30.64,1440,660,False,False,34.38,46.67
SA1,2010-12,17.59,21.54,1488,690,False,False,26.76,32.76
SA1,2011-01,103.12,208.32,1488,630,False,False,156.05,315.25
SA1,2011-02,29.98,37.94,1344,600,False,False,45.14,57.12
SA1,2011-03,22.37,27.27,1488,690,False,False,33.51,40.85
SA1,2011-04,27.27,29.86,1440,630,False,False,40.72,44.59
SA1,2011-05,33.59,38.91,1488,660,False,False,50.01,57.93
SA1,2011-06,30.83,37.43,1440,660,False,False,45.76,55.56
SA1,2011-07,33.12,42.51,1488,630,False,False,49.06,62.97
SA1,2011-08,34.46,38.42,1488,690,False,False,50.95,56.8
SA1,2011-09,37.97,44.11,1440,660,False,False,56.02,65.08
SA1,2011-10,40.29,55.25,1488,630,False,False,59.45,81.52
SA1,2011-11,30.68,35.47,1440,660,False,False,45.27,52.34
SA1,2011-12,23.77,27.46,1488,660,False,False,35.07,40.52
SA1,2012-01,25.62,31.02,1488,660,False,False,37.79,45.76
SA1,2012-02,27.15,30.79,1392,630,False,False,40.04,45.41
SA1,2012-03,25.74,29.32,1488,660,False,False,37.96,43.24
SA1,2012-04,29.11,30.07,1440,630,False,False,42.85,44.27
SA1,2012-05,29.1,32.22,1488,690,False,False,42.76,47.35
SA1,2012-06,26.19,42.58,1440,630,False,False,38.42,62.47
SA1,2012-07,79.73,97.28,1488,660,True,False,116.44,142.07
SA1,2012-08,63.32,65.03,1488,690,True,False,92.06,94.54
SA1,2012-09,53.8,61.11,1440,600,True,False,77.87,88.44
SA1,2012-10,50.96,54.66,1488,690,True,False,73.69,79.04
SA1,2012-11,65.24,78.29,1440,660,True,False,94.26,113.12
SA1,2012-12,53.41,60.85,1488,630,True,False,77.1,87.84
SA1,2013-01,59.12,74.16,1488,690,True,False,85.25,106.94
SA1,2013-02,58.53,63.5,1344,600,True,False,84.31,91.46
SA1,2013-03,57.66,64.63,1488,630,True,False,82.96,92.99
SA1,2013-04,76.89,92.23,1440,660,True,False,110.49,132.53
SA1,2013-05,108.75,137.3,1488,690,True,False,156.07,197.04
SA1,2013-06,109.31,161.91,1440,600,True,False,156.68,232.07
SA1,2013-07,69.65,80.16,1488,690,True,False,99.43,114.43
SA1,2013-08,71.24,82.76,1488,660,True,False,101.29,117.67
SA1,2013-09,61.3,73.07,1440,630,True,False,86.8,103.47
SA1,2013-10,57.45,64.42,1488,690,True,False,81.16,91.0
SA1,2013-11,49.81,54.32,1440,630,True,False,70.2,76.55
SA1,2013-12,79.57,118.96,1488,660,True,False,111.87,167.25
SA1,2014-01,88.87,137.38,1488,690,True,False,124.7,192.77
SA1,2014-02,57.48,59.34,1344,600,True,False,80.5,83.1
SA1,2014-03,49.17,55.15,1488,630,True,False,68.72,77.08
SA1,2014-04,48.14,51.17,1440,660,True,False,67.17,71.4
SA1,2014-05,51.98,58.35,1488,660,True,False,72.41,81.28
SA1,2014-06,54.42,59.96,1440,630,True,False,75.68,83.38
SA1,2014-07,51.76,60.92,1488,690,False,False,71.88,84.6
SA1,2014-08,41.66,50.55,1488,630,False,False,57.77,70.1
SA1,2014-09,41.06,48.8,1440,660,False,False,56.86,67.58
SA1,2014-10,32.02,34.62,1488,690,False,False,44.31,47.91
SA1,2014-11,32.72,35.13,1440,600,False,False,45.25,48.59
SA1,2014-12,28.64,31.53,1488,690,False,False,39.59,43.58
SA1,2015-01,34.68,47.79,1488,660,False,False,47.9,66.01
SA1,2015-02,44.85,48.75,1344,600,False,False,61.91,67.3
SA1,2015-03,28.54,33.47,1488,660,False,False,39.37,46.17
SA1,2015-04,39.95,49.43,1440,660,False,False,54.98,68.03
SA1,2015-05,38.02,42.85,1488,630,False,False,52.2,58.83
SA1,2015-06,58.61,87.55,1440,660,False,False,80.28,119.93
SA1,2015-07,73.51,105.39,1488,690,False,False,100.56,144.18
SA1,2015-08,60.7,67.89,1488,630,False,False,82.93,92.76
SA1,2015-09,59.07,72.63,1440,660,False,False,80.6,99.1
SA1,2015-10,41.1,50.97,1488,660,False,False,56.01,69.46
SA1,2015-11,48.88,63.49,1440,630,False,False,66.53,86.41
SA1,2015-12,66.83,96.97,1488,690,False,False,90.84,131.81
SA1,2016-01,50.26,71.6,1488,630,False,False,68.36,97.39
SA1,2016-02,40.72,52.56,1392,630,False,False,55.42,71.54
SA1,2016-03,55.33,72.32,1488,690,False,False,75.36,98.5
SA1,2016-04,49.57,61.23,1440,630,False,False,67.41,83.27
SA1,2016-05,70.7,99.0,1488,660,False,False,96.01,134.44
SA1,2016-06,123.1,159.42,1440,660,False,False,166.92,216.17
SA1,2016-07,229.39,376.35,1488,630,False,False,310.33,509.14
SA1,2016-08,66.24,85.36,1488,690,False,False,89.4,115.21
SA1,2016-09,59.85,69.71,1440,660,False,False,80.59,93.87
SA1,2016-10,59.26,65.57,1488,630,False,False,79.66,88.14
SA1,2016-11,61.89,79.63,1440,660,False,False,83.05,106.85
SA1,2016-12,97.3,91.6,1488,660,False,False,130.33,122.7
SA1,2017-01,84.26,101.79,1488,660,False,False,112.69,136.14
SA1,2017-02,179.85,296.73,1344,600,False,False,240.17,396.26
SA1,2017-03,122.4,161.56,1488,690,False,False,163.21,215.42
SA1,2017-04,119.69,138.45,1440,600,False,False,159.49,184.49
SA1,2017-05,119.15,132.99,1488,690,False,False,158.67,177.09
SA1,2017-06,108.83,111.99,1440,660,False,False,144.83,149.03
SA1,2017-07,113.48,126.09,1488,630,False,False,150.71,167.46
SA1,2017-08,105.38,124.52,1488,690,False,False,139.67,165.04
SA1,2017-09,73.59,80.07,1440,630,False,False,97.34,105.91
SA1,2017-10,69.36,76.17,1488,660,False,False,91.54,100.52
SA1,2017-11,90.72,109.4,1440,660,False,False,119.46,144.06
SA1,2017-12,83.51,93.18,1488,630,False,False,109.72,122.43
SA1,2018-01,158.76,231.01,1488,690,False,False,208.28,303.07
SA1,2018-02,109.17,142.88,1344,600,False,False,143.02,187.18
SA1,2018-03,80.7,88.67,1488,660,False,False,105.57,115.99
SA1,2018-04,98.37,133.69,1440,630,False,False,128.53,174.68
SA1,2018-05,88.51,103.2,1488,690,False,False,115.51,134.68
SA1,2018-06,105.92,124.21,1440,630,False,False,138.06,161.91
SA1,2018-07,105.77,145.06,1488,660,False,False,137.67,188.81
SA1,2018-08,72.31,88.39,1488,690,False,False,93.98,114.88
SA1,2018-09,90.6,101.76,1440,600,False,False,117.59,132.07
SA1,2018-10,98.12,104.1,1488,690,False,False,127.13,134.87
SA1,2018-11,98.77,101.15,1440,660,False,False,127.75,130.82
SA1,2018-12,92.38,111.19,1488,630,False,False,119.28,143.56
SA1,2019-01,241.02,405.95,1488,690,False,False,311.2,524.16
SA1,2019-02,110.73,115.83,1344,600,False,False,142.98,149.57
SA1,2019-03,131.6,173.54,1488,630,False,False,169.94,224.09
SA1,2019-04,93.84,95.95,1440,660,False,False,120.94,123.66
SA1,2019-05,84.86,91.96,1488,690,False,False,109.15,118.28
SA1,2019-06,95.7,113.24,1440,600,False,False,122.85,145.36
SA1,2019-07,73.93,92.35,1488,690,False,False,94.72,118.33
SA1,2019-08,78.78,98.78,1488,660,False,False,100.75,126.33
SA1,2019-09,72.95,80.7,1440,630,False,False,93.12,103.01
SA1,2019-10,67.34,68.06,1488,690,False,False,85.76,86.68
SA1,2019-11,50.86,34.2,1440,630,False,False,64.63,43.46
SA1,2019-12,84.03,123.46,1488,660,False,False,106.53,156.52
SA1,2020-01,83.2,124.44,1488,690,False,False,105.35,157.57
SA1,2020-02,64.18,73.72,1392,600,False,False,81.17,93.23
SA1,2020-03,46.95,63.78,1488,660,False,False,59.3,80.56
SA1,2020-04,33.5,39.94,1440,660,False,False,42.59,50.77
SA1,2020-05,37.26,44.44,1488,630,False,False,47.67,56.86
SA1,2020-06,50.27,63.84,1440,660,False,False,64.74,82.22
SA1,2020-07,59.33,68.61,1488,690,False,False,76.02,87.91
SA1,2020-08,45.57,56.22,1488,630,False,False,58.09,71.67
SA1,2020-09,15.21,7.44,1440,660,False,False,19.29,9.44
SA1,2020-10,32.97,38.75,1488,660,False,False,41.69,49.0
SA1,2020-11,36.72,37.78,1440,630,False,False,46.29,47.63
SA1,2020-12,16.78,10.12,1488,690,False,False,21.09,12.72
SA1,2021-01,28.7,12.42,1488,630,False,False,36.0,15.58
SA1,2021-02,22.49,25.37,1344,600,False,False,28.16,31.76
SA1,2021-03,68.77,80.68,1488,690,False,False,85.94,100.82
SA1,2021-04,52.14,60.09,1440,660,False,False,65.0,74.91
SA1,2021-05,72.99,110.14,1488,630,False,False,90.77,136.97
SA1,2021-06,84.39,96.91,1440,660,False,False,104.69,120.22
SA1,2021-07,91.19,117.73,1488,660,False,False,112.81,145.64
SA1,2021-08,43.44,46.2,1488,660,False,False,53.59,56.99
SA1,2021-09,18.77,18.04,1440,660,False,False,23.09,22.19
SA1,2021-10,14.54,9.63,8928,3780,False,False,17.81,11.8
SA1,2021-11,37.69,43.67,8640,3960,False,False,45.97,53.27
SA1,2021-12,70.32,93.78,8928,4140,False,False,85.41,113.91
SA1,2022-01,88.94,120.27,8928,3780,False,False,107.26,145.04
SA1,2022-02,54.22,44.01,8064,3600,False,False,64.92,52.7
SA1,2022-03,67.0,67.8,8928,4140,False,False,79.66,80.61
SA1,2022-04,152.36,168.3,8640,3780,False,False,180.08,198.92
SA1,2022-05,312.3,400.3,8928,3960,False,False,366.93,470.33
SA1,2022-06,302.59,349.05,8640,3960,False,False,353.44,407.71
SA1,2022-07,372.49,487.65,8928,3780,False,False,432.44,566.13
SA1,2022-08,173.04,223.01,8928,4140,False,False,199.67,257.33
SA1,2022-09,147.84,136.64,8640,3960,False,False,169.57,156.72
SA1,2022-10,93.49,68.71,8928,3780,False,False,106.57,78.33
SA1,2022-11,62.51,55.12,8640,3960,False,False,70.82,62.45
SA1,2022-12,35.43,15.18,8928,3960,False,False,39.9,17.09
SA1,2023-01,57.2,41.28,8928,3960,False,False,64.13,46.28
SA1,2023-02,97.05,130.25,8064,3600,False,False,108.31,145.37
SA1,2023-03,64.92,54.16,8928,4140,False,False,72.13,60.18
SA1,2023-04,85.02,81.01,8640,3600,False,False,94.2,89.75
SA1,2023-05,198.29,232.97,8928,4140,False,False,219.07,257.38
SA1,2023-06,85.59,125.76,8640,3960,False,False,94.29,138.54
SA1,2023-07,72.76,94.66,8928,3780,False,False,79.85,103.88
SA1,2023-08,160.26,214.89,8928,4140,False,False,175.2,234.93
SA1,2023-09,41.32,34.48,8640,3780,False,False,45.0,37.55
SA1,2023-10,15.12,9.59,8928,3960,False,False,16.43,10.42
SA1,2023-11,44.92,48.66,8640,3960,False,False,48.72,52.77
SA1,2023-12,38.03,45.7,8928,3780,False,False,41.16,49.46
SA1,2024-01,32.74,23.86,8928,4140,False,False,35.32,25.74
SA1,2024-02,66.07,74.71,8352,3780,False,False,71.07,80.36
SA1,2024-03,67.13,70.03,8928,3780,False,False,71.98,75.09
SA1,2024-04,92.5,81.56,8640,3960,False,False,98.84,87.15
SA1,2024-05,135.71,142.85,8928,4140,False,False,144.51,152.12
SA1,2024-06,176.68,212.59,8640,3600,False,False,187.49,225.6
SA1,2024-07,241.22,294.9,8928,4140,False,False,255.8,312.72
SA1,2024-08,149.52,219.37,8928,3960,False,False,158.44,232.46
SA1,2024-09,80.29,144.89,8640,3780,False,False,85.02,153.42
SA1,2024-10,35.24,29.08,8928,4140,False,False,37.29,30.77
SA1,2024-11,60.91,49.26,8640,3780,False,False,64.41,52.09
SA1,2024-12,61.47,47.83,8928,3960,False,False,64.96,50.55
SA1,2025-01,48.22,8.89,8928,4140,False,False,50.8,9.37
SA1,2025-02,91.34,87.82,8064,3600,False,False,95.94,92.24
SA1,2025-03,61.79,55.29,8928,3780,False,False,64.71,57.9
SA1,2025-04,88.82,82.06,8640,3960,False,False,92.78,85.72
SA1,2025-05,83.31,93.23,8928,3960,False,False,86.81,97.15
SA1,2025-06,250.4,424.38,8640,3780,False,False,260.27,441.11
SA1,2025-07,164.95,223.53,8928,4140,False,False,170.7,231.32
SA1,2025-08,86.86,84.6,8928,3780,False,False,89.5,87.17
SA1,2025-09,57.6,57.81,8640,3960,False,False,59.09,59.31
SA1,2025-10,50.17,40.09,8928,4140,False,False,51.37,41.05
SA1,2025-11,32.48,10.18,8640,3600,False,False,33.19,10.4
SA1,2025-12,27.92,-0.04,8928,4140,False,False,28.47,-0.04
SA1,2026-01,152.25,251.05,8928,3960,False,False,154.56,254.86
SA1,2026-02,56.0,34.7,8064,3600,False,False,56.59,35.07
SA1,2026-03,52.8,40.67,8928,3960,False,False,53.12,40.91
SA1,2026-04,56.18,56.31,8640,3960,False,False,56.4,56.53
SA1,2026-05,77.49,86.57,8928,3780,False,False,77.64,86.74
SA1,2026-06,125.73,152.11,8640,3960,False,False,125.73,152.11
SA1,2026-07,95.89,109.12,8928,4140,False,True,95.89,109.12
SA1,2026-08,71.62,80.73,8928,3780,False,True,71.62,80.73
SA1,2026-09,37.71,34.41,8640,3960,False,True,37.71,34.41
TAS1,2005-05,306.87,361.77,741,347,False,False,548.53,646.66
TAS1,2005-06,78.63,86.38,1440,660,False,False,140.27,154.1
TAS1,2005-07,112.34,115.77,1488,630,False,False,199.75,205.85
TAS1,2005-08,107.2,141.34,1488,690,False,False,189.98,250.48
TAS1,2005-09,69.35,77.7,1440,660,False,False,122.5,137.25
TAS1,2005-10,82.38,102.17,1488,630,False,False,145.27,180.16
TAS1,2005-11,57.64,59.19,1440,660,False,False,101.47,104.19
TAS1,2005-12,42.82,46.71,1488,660,False,False,75.25,82.08
TAS1,2006-01,36.9,40.3,1488,660,False,False,64.66,70.62
TAS1,2006-02,32.44,35.57,1344,600,False,False,56.68,62.15
TAS1,2006-03,28.4,32.53,1488,690,False,False,49.48,56.68
TAS1,2006-04,33.36,33.75,1440,600,False,False,57.82,58.5
TAS1,2006-05,33.76,47.59,1488,690,False,False,58.21,82.05
TAS1,2006-06,41.39,52.3,1440,660,False,False,70.99,89.7
TAS1,2006-07,48.24,69.1,1488,630,False,False,82.5,118.17
TAS1,2006-08,35.17,39.9,1488,690,False,False,59.97,68.03
TAS1,2006-09,38.25,41.6,1440,630,False,False,65.03,70.72
TAS1,2006-10,34.23,36.71,1488,660,False,False,58.22,62.43
TAS1,2006-11,39.8,44.53,1440,660,False,False,67.72,75.76
TAS1,2006-12,35.17,40.79,1488,630,False,False,59.86,69.43
TAS1,2007-01,44.3,47.2,1488,690,False,False,75.38,80.31
TAS1,2007-02,52.95,67.45,1344,600,False,False,90.07,114.74
TAS1,2007-03,50.75,53.78,1488,660,False,False,86.31,91.46
TAS1,2007-04,73.08,81.99,1440,630,False,False,123.77,138.87
TAS1,2007-05,66.34,72.01,1488,690,False,False,111.9,121.47
TAS1,2007-06,77.81,79.87,1440,630,False,False,130.72,134.18
TAS1,2007-07,99.45,115.14,1488,660,False,False,166.69,192.99
TAS1,2007-08,40.7,48.48,1488,690,False,False,68.06,81.07
TAS1,2007-09,47.24,49.1,1440,600,False,False,78.82,81.92
TAS1,2007-10,34.03,32.4,1488,690,False,False,56.6,53.89
TAS1,2007-11,44.74,49.25,1440,660,False,False,74.19,81.67
TAS1,2007-12,50.96,60.6,1488,630,False,False,84.24,100.18
TAS1,2008-01,47.33,59.02,1488,690,False,False,77.89,97.13
TAS1,2008-02,56.46,67.68,1392,630,False,False,92.51,110.89
TAS1,2008-03,56.17,68.55,1488,630,False,False,91.63,111.82
TAS1,2008-04,54.93,63.43,1440,660,False,False,89.17,102.97
TAS1,2008-05,67.74,69.15,1488,660,False,False,109.44,111.72
TAS1,2008-06,55.96,63.04,1440,630,False,False,89.98,101.36
TAS1,2008-07,30.36,31.08,1488,690,False,False,48.63,49.78
TAS1,2008-08,54.96,60.78,1488,630,False,False,87.69,96.98
TAS1,2008-09,43.94,53.01,1440,660,False,False,69.84,84.25
TAS1,2008-10,45.92,55.72,1488,690,False,False,73.06,88.66
TAS1,2008-11,50.7,60.73,1440,600,False,False,80.76,96.73
TAS1,2008-12,32.91,38.15,1488,690,False,False,52.48,60.83
TAS1,2009-01,78.88,119.54,1488,660,False,False,125.74,190.55
TAS1,2009-02,39.08,63.49,1344,600,False,False,62.27,101.17
TAS1,2009-03,36.48,43.09,1488,660,False,False,58.11,68.64
TAS1,2009-04,69.31,61.35,1440,660,False,False,110.22,97.56
TAS1,2009-05,46.84,48.31,1488,630,False,False,74.36,76.7
TAS1,2009-06,173.8,287.29,1440,660,False,False,275.47,455.35
TAS1,2009-07,25.89,31.56,1488,690,False,False,40.91,49.86
TAS1,2009-08,21.29,27.86,1488,630,False,False,33.53,43.88
TAS1,2009-09,21.52,27.5,1440,660,False,False,33.79,43.18
TAS1,2009-10,25.78,29.55,1488,660,False,False,40.41,46.31
TAS1,2009-11,33.7,37.68,1440,630,False,False,52.72,58.95
TAS1,2009-12,31.86,31.42,1488,690,False,False,49.76,49.07
TAS1,2010-01,29.23,32.51,1488,630,False,False,45.51,50.62
TAS1,2010-02,23.96,20.35,1344,600,False,False,37.19,31.59
TAS1,2010-03,26.2,28.45,1488,690,False,False,40.54,44.02
TAS1,2010-04,24.42,26.23,1440,660,False,False,37.71,40.51
TAS1,2010-05,56.97,36.98,1488,630,False,False,87.8,56.99
TAS1,2010-06,30.89,34.53,1440,660,False,False,47.51,53.11
TAS1,2010-07,30.2,27.43,1488,660,False,False,46.34,42.09
TAS1,2010-08,64.8,27.68,1488,660,False,False,99.19,42.37
TAS1,2010-09,20.76,23.49,1440,660,False,False,31.7,35.87
TAS1,2010-10,18.14,18.32,1488,630,False,False,27.66,27.94
TAS1,2010-11,27.1,19.55,1440,660,False,False,41.28,29.78
TAS1,2010-12,16.7,17.67,1488,690,False,False,25.4,26.88
TAS1,2011-01,25.95,28.13,1488,630,False,False,39.27,42.57
TAS1,2011-02,28.72,31.08,1344,600,False,False,43.24,46.79
TAS1,2011-03,25.83,27.04,1488,690,False,False,38.69,40.5
TAS1,2011-04,26.8,27.77,1440,630,False,False,40.02,41.47
TAS1,2011-05,38.67,40.49,1488,660,False,False,57.57,60.28
TAS1,2011-06,29.16,32.23,1440,660,False,False,43.28,47.84
TAS1,2011-07,32.59,49.09,1488,630,False,False,48.28,72.72
TAS1,2011-08,27.16,34.57,1488,690,False,False,40.15,51.11
TAS1,2011-09,26.4,29.91,1440,660,False,False,38.95,44.13
TAS1,2011-10,32.58,31.19,1488,630,False,False,48.07,46.02
TAS1,2011-11,30.75,29.77,1440,660,False,False,45.37,43.93
TAS1,2011-12,25.85,26.39,1488,660,False,False,38.14,38.94
TAS1,2012-01,39.32,34.3,1488,660,False,False,58.0,50.6
TAS1,2012-02,37.37,29.99,1392,630,False,False,55.12,44.23
TAS1,2012-03,35.92,29.57,1488,660,False,False,52.97,43.6
TAS1,2012-04,35.96,41.97,1440,630,False,False,52.94,61.78
TAS1,2012-05,32.9,29.93,1488,690,False,False,48.35,43.98
TAS1,2012-06,34.44,38.35,1440,630,False,False,50.52,56.26
TAS1,2012-07,59.23,67.1,1488,660,True,False,86.5,97.99
TAS1,2012-08,47.22,48.32,1488,690,True,False,68.65,70.25
TAS1,2012-09,39.46,41.39,1440,600,True,False,57.11,59.9
TAS1,2012-10,43.62,44.73,1488,690,True,False,63.08,64.68
TAS1,2012-11,50.58,51.23,1440,660,True,False,73.08,74.02
TAS1,2012-12,46.7,46.33,1488,630,True,False,67.42,66.88
TAS1,2013-01,56.96,46.27,1488,690,True,False,82.14,66.72
TAS1,2013-02,45.79,45.77,1344,600,True,False,65.95,65.93
TAS1,2013-03,49.81,50.56,1488,630,True,False,71.66,72.74
TAS1,2013-04,45.12,46.49,1440,660,True,False,64.83,66.8
TAS1,2013-05,44.67,49.59,1488,690,True,False,64.11,71.17
TAS1,2013-06,49.89,51.48,1440,600,True,False,71.51,73.79
TAS1,2013-07,51.5,53.74,1488,690,True,False,73.52,76.71
TAS1,2013-08,45.87,49.24,1488,660,True,False,65.22,70.01
TAS1,2013-09,42.43,44.67,1440,630,True,False,60.08,63.26
TAS1,2013-10,38.6,41.23,1488,690,True,False,54.53,58.24
TAS1,2013-11,47.09,52.96,1440,630,True,False,66.36,74.64
TAS1,2013-12,37.6,37.37,1488,660,True,False,52.86,52.54
TAS1,2014-01,34.88,29.27,1488,690,True,False,48.94,41.07
TAS1,2014-02,43.89,42.97,1344,600,True,False,61.46,60.18
TAS1,2014-03,44.78,45.1,1488,630,True,False,62.59,63.04
TAS1,2014-04,37.68,38.42,1440,660,True,False,52.58,53.61
TAS1,2014-05,36.52,40.85,1488,660,True,False,50.87,56.9
TAS1,2014-06,43.15,43.96,1440,630,True,False,60.01,61.13
TAS1,2014-07,33.83,37.17,1488,690,False,False,46.98,51.62
TAS1,2014-08,36.34,41.72,1488,630,False,False,50.39,57.86
TAS1,2014-09,37.65,39.82,1440,660,False,False,52.14,55.14
TAS1,2014-10,34.91,32.77,1488,690,False,False,48.31,45.35
TAS1,2014-11,39.94,37.02,1440,600,False,False,55.24,51.2
TAS1,2014-12,45.26,44.27,1488,690,False,False,62.56,61.19
TAS1,2015-01,35.08,36.59,1488,660,False,False,48.46,50.54
TAS1,2015-02,42.54,40.89,1344,600,False,False,58.72,56.45
TAS1,2015-03,39.77,39.56,1488,660,False,False,54.87,54.58
TAS1,2015-04,40.64,38.06,1440,660,False,False,55.93,52.38
TAS1,2015-05,28.3,33.76,1488,630,False,False,38.86,46.35
TAS1,2015-06,32.25,37.17,1440,660,False,False,44.18,50.92
TAS1,2015-07,34.9,38.8,1488,690,False,False,47.74,53.08
TAS1,2015-08,31.89,37.69,1488,630,False,False,43.57,51.49
TAS1,2015-09,46.02,48.67,1440,660,False,False,62.79,66.41
TAS1,2015-10,59.22,60.05,1488,660,False,False,80.7,81.83
TAS1,2015-11,83.73,85.7,1440,630,False,False,113.96,116.64
TAS1,2015-12,96.1,96.82,1488,690,False,False,130.62,131.6
TAS1,2016-01,112.73,112.56,1488,630,False,False,153.33,153.1
TAS1,2016-02,165.67,163.47,1392,630,False,False,225.48,222.49
TAS1,2016-03,252.37,255.9,1488,690,False,False,343.72,348.52
TAS1,2016-04,236.85,227.53,1440,630,False,False,322.11,309.43
TAS1,2016-05,45.45,57.0,1488,660,False,False,61.72,77.4
TAS1,2016-06,72.5,98.19,1440,660,False,False,98.31,133.15
TAS1,2016-07,67.92,95.26,1488,630,False,False,91.88,128.87
TAS1,2016-08,43.68,56.46,1488,690,False,False,58.95,76.2
TAS1,2016-09,46.18,52.02,1440,660,False,False,62.18,70.05
TAS1,2016-10,33.22,39.37,1488,630,False,False,44.65,52.92
TAS1,2016-11,37.58,50.91,1440,660,False,False,50.43,68.31
TAS1,2016-12,41.3,45.93,1488,660,False,False,55.32,61.52
TAS1,2017-01,86.11,90.94,1488,660,False,False,115.17,121.63
TAS1,2017-02,94.38,102.31,1344,600,False,False,126.04,136.63
TAS1,2017-03,113.81,116.54,1488,690,False,False,151.75,155.39
TAS1,2017-04,131.25,127.22,1440,600,False,False,174.89,169.52
TAS1,2017-05,107.94,117.37,1488,690,False,False,143.74,156.29
TAS1,2017-06,103.84,109.28,1440,660,False,False,138.19,145.43
TAS1,2017-07,116.03,125.08,1488,630,False,False,154.1,166.11
TAS1,2017-08,97.21,109.03,1488,690,False,False,128.84,144.51
TAS1,2017-09,73.58,81.7,1440,630,False,False,97.32,108.06
TAS1,2017-10,68.66,75.29,1488,660,False,False,90.61,99.36
TAS1,2017-11,94.03,105.28,1440,660,False,False,123.82,138.63
TAS1,2017-12,90.96,106.8,1488,630,False,False,119.51,140.32
TAS1,2018-01,98.97,96.02,1488,690,False,False,129.84,125.97
TAS1,2018-02,89.27,89.25,1344,600,False,False,116.95,116.92
TAS1,2018-03,83.52,85.43,1488,660,False,False,109.26,111.75
TAS1,2018-04,80.71,80.17,1440,630,False,False,105.45,104.75
TAS1,2018-05,76.56,79.65,1488,690,False,False,99.91,103.95
TAS1,2018-06,73.59,80.17,1440,630,False,False,95.92,104.5
TAS1,2018-07,44.85,49.51,1488,660,False,False,58.38,64.44
TAS1,2018-08,25.03,31.23,1488,690,False,False,32.53,40.59
TAS1,2018-09,60.86,70.7,1440,600,False,False,78.99,91.76
TAS1,2018-10,95.37,101.45,1488,690,False,False,123.56,131.44
TAS1,2018-11,85.6,88.25,1440,660,False,False,110.71,114.14
TAS1,2018-12,72.13,70.48,1488,630,False,False,93.13,91.0
TAS1,2019-01,147.91,163.0,1488,690,False,False,190.98,210.46
TAS1,2019-02,134.79,133.08,1344,600,False,False,174.05,171.84
TAS1,2019-03,123.43,114.79,1488,630,False,False,159.39,148.23
TAS1,2019-04,104.72,108.07,1440,660,False,False,134.96,139.28
TAS1,2019-05,92.55,101.97,1488,690,False,False,119.04,131.16
TAS1,2019-06,96.8,108.62,1440,600,False,False,124.26,139.43
TAS1,2019-07,74.77,89.16,1488,690,False,False,95.8,114.24
TAS1,2019-08,70.04,80.14,1488,660,False,False,89.57,102.49
TAS1,2019-09,57.62,63.58,1440,630,False,False,73.55,81.16
TAS1,2019-10,107.68,105.77,1488,690,False,False,137.14,134.71
TAS1,2019-11,68.29,76.48,1440,630,False,False,86.77,97.18
TAS1,2019-12,52.18,49.82,1488,660,False,False,66.15,63.16
TAS1,2020-01,56.84,49.53,1488,690,False,False,71.97,62.72
TAS1,2020-02,39.1,38.95,1392,600,False,False,49.45,49.26
TAS1,2020-03,37.37,34.97,1488,660,False,False,47.2,44.17
TAS1,2020-04,23.37,24.19,1440,660,False,False,29.71,30.75
TAS1,2020-05,34.77,40.61,1488,630,False,False,44.49,51.96
TAS1,2020-06,36.41,39.02,1440,660,False,False,46.89,50.25
TAS1,2020-07,56.6,57.29,1488,690,False,False,72.52,73.4
TAS1,2020-08,55.75,56.57,1488,630,False,False,71.07,72.11
TAS1,2020-09,37.52,38.94,1440,660,False,False,47.58,49.39
TAS1,2020-10,41.51,37.37,1488,660,False,False,52.49,47.25
TAS1,2020-11,59.37,57.08,1440,630,False,False,74.84,71.96
TAS1,2020-12,36.86,43.26,1488,690,False,False,46.33,54.37
TAS1,2021-01,37.81,40.03,1488,630,False,False,47.43,50.22
TAS1,2021-02,31.99,36.7,1344,600,False,False,40.05,45.95
TAS1,2021-03,30.78,31.5,1488,690,False,False,38.46,39.36
TAS1,2021-04,25.34,28.45,1440,660,False,False,31.59,35.47
TAS1,2021-05,41.25,44.32,1488,630,False,False,51.3,55.12
TAS1,2021-06,68.88,77.62,1440,660,False,False,85.45,96.29
TAS1,2021-07,38.15,42.75,1488,660,False,False,47.19,52.88
TAS1,2021-08,21.46,24.96,1488,660,False,False,26.47,30.79
TAS1,2021-09,16.52,21.88,1440,660,False,False,20.32,26.92
TAS1,2021-10,9.38,9.68,8928,3780,False,False,11.49,11.86
TAS1,2021-11,31.76,33.48,8640,3960,False,False,38.74,40.84
TAS1,2021-12,49.85,50.7,8928,4140,False,False,60.55,61.58
TAS1,2022-01,62.54,66.74,8928,3780,False,False,75.42,80.49
TAS1,2022-02,72.21,78.07,8064,3600,False,False,86.46,93.48
TAS1,2022-03,74.83,78.65,8928,4140,False,False,88.97,93.51
TAS1,2022-04,141.27,164.79,8640,3780,False,False,166.97,194.77
TAS1,2022-05,217.19,241.85,8928,3960,False,False,255.19,284.16
TAS1,2022-06,286.75,382.13,8640,3960,False,False,334.94,446.35
TAS1,2022-07,322.84,366.0,8928,3780,False,False,374.8,424.9
TAS1,2022-08,149.51,169.02,8928,4140,False,False,172.52,195.03
TAS1,2022-09,132.74,150.51,8640,3960,False,False,152.25,172.63
TAS1,2022-10,122.0,126.49,8928,3780,False,False,139.07,144.19
TAS1,2022-11,100.98,112.35,8640,3960,False,False,114.41,127.29
TAS1,2022-12,76.36,67.38,8928,3960,False,False,85.99,75.88
TAS1,2023-01,86.86,81.09,8928,3960,False,False,97.38,90.91
TAS1,2023-02,81.53,76.57,8064,3600,False,False,90.99,85.46
TAS1,2023-03,72.35,68.1,8928,4140,False,False,80.39,75.67
TAS1,2023-04,70.03,70.91,8640,3600,False,False,77.59,78.56
TAS1,2023-05,84.16,86.35,8928,4140,False,False,92.98,95.4
TAS1,2023-06,38.04,52.09,8640,3960,False,False,41.91,57.38
TAS1,2023-07,23.32,32.62,8928,3780,False,False,25.59,35.8
TAS1,2023-08,37.65,37.77,8928,4140,False,False,41.16,41.29
TAS1,2023-09,26.71,24.86,8640,3780,False,False,29.09,27.08
TAS1,2023-10,37.66,36.02,8928,3960,False,False,40.93,39.15
TAS1,2023-11,59.97,57.49,8640,3960,False,False,65.04,62.35
TAS1,2023-12,52.09,49.09,8928,3780,False,False,56.38,53.13
TAS1,2024-01,50.12,49.62,8928,4140,False,False,54.08,53.54
TAS1,2024-02,81.86,110.18,8352,3780,False,False,88.05,118.51
TAS1,2024-03,69.65,67.43,8928,3780,False,False,74.69,72.31
TAS1,2024-04,73.35,70.53,8640,3960,False,False,78.38,75.37
TAS1,2024-05,141.03,145.36,8928,4140,False,False,150.18,154.79
TAS1,2024-06,178.25,212.7,8640,3600,False,False,189.16,225.72
TAS1,2024-07,180.76,215.33,8928,4140,False,False,191.68,228.34
TAS1,2024-08,128.69,155.78,8928,3960,False,False,136.37,165.07
TAS1,2024-09,22.51,31.21,8640,3780,False,False,23.84,33.05
TAS1,2024-10,49.8,52.54,8928,4140,False,False,52.7,55.6
TAS1,2024-11,95.86,96.67,8640,3780,False,False,101.37,102.23
TAS1,2024-12,76.11,68.69,8928,3960,False,False,80.43,72.59
TAS1,2025-01,113.63,109.16,8928,4140,False,False,119.72,115.01
TAS1,2025-02,121.69,124.99,8064,3600,False,False,127.82,131.29
TAS1,2025-03,100.04,100.72,8928,3780,False,False,104.76,105.47
TAS1,2025-04,100.53,98.46,8640,3960,False,False,105.01,102.85
TAS1,2025-05,103.39,113.21,8928,3960,False,False,107.73,117.96
TAS1,2025-06,219.34,327.6,8640,3780,False,False,227.99,340.51
TAS1,2025-07,117.85,130.22,8928,4140,False,False,121.96,134.76
TAS1,2025-08,125.22,133.43,8928,3780,False,False,129.02,137.48
TAS1,2025-09,28.63,36.13,8640,3960,False,False,29.37,37.06
TAS1,2025-10,24.55,26.88,8928,4140,False,False,25.14,27.52
TAS1,2025-11,40.51,34.33,8640,3600,False,False,41.39,35.08
TAS1,2025-12,59.34,55.59,8928,4140,False,False,60.52,56.69
TAS1,2026-01,100.93,114.92,8928,3960,False,False,102.46,116.66
TAS1,2026-02,90.28,87.54,8064,3600,False,False,91.23,88.47
TAS1,2026-03,91.04,90.92,8928,3960,False,False,91.59,91.47
TAS1,2026-04,85.24,87.29,8640,3960,False,False,85.58,87.64
TAS1,2026-05,96.14,100.05,8928,3780,False,False,96.33,100.25
TAS1,2026-06,76.83,81.67,8640,3960,False,False,76.83,81.67
TAS1,2026-07,71.04,93.72,8928,4140,False,True,71.04,93.72
TAS1,2026-08,57.95,65.73,8928,3780,False,True,57.95,65.73
TAS1,2026-09,38.86,37.87,8640,3960,False,True,38.86,37.87
VIC1,2003-07,25.62,33.07,1488,690,False,False,47.9,61.83
VIC1,2003-08,20.15,23.54,1488,630,False,False,37.6,43.93
VIC1,2003-09,20.73,25.18,1440,660,False,False,38.61,46.9
VIC1,2003-10,20.74,25.05,1488,690,False,False,38.56,46.57
VIC1,2003-11,21.18,25.87,1440,600,False,False,39.31,48.02
VIC1,2003-12,24.97,33.9,1488,690,False,False,46.26,62.81
VIC1,2004-01,22.52,30.13,1488,660,False,False,41.6,55.66
VIC1,2004-02,38.62,48.3,1392,600,False,False,71.13,88.96
VIC1,2004-03,21.48,28.1,1488,690,False,False,39.45,51.6
VIC1,2004-04,29.46,36.91,1440,660,False,False,54.02,67.68
VIC1,2004-05,31.29,39.52,1488,630,False,False,57.29,72.35
VIC1,2004-06,28.63,34.78,1440,660,False,False,52.33,63.58
VIC1,2004-07,31.37,43.74,1488,660,False,False,57.26,79.84
VIC1,2004-08,22.55,27.28,1488,660,False,False,41.11,49.73
VIC1,2004-09,27.2,31.28,1440,660,False,False,49.52,56.94
VIC1,2004-10,44.88,70.44,1488,630,False,False,81.49,127.91
VIC1,2004-11,35.66,43.97,1440,660,False,False,64.59,79.64
VIC1,2004-12,27.36,32.66,1488,690,False,False,49.43,59.0
VIC1,2005-01,22.84,29.7,1488,630,False,False,41.17,53.54
VIC1,2005-02,21.83,27.12,1344,600,False,False,39.26,48.78
VIC1,2005-03,18.7,20.94,1488,690,False,False,33.56,37.58
VIC1,2005-04,30.63,37.71,1440,630,False,False,54.86,67.54
VIC1,2005-05,24.56,29.0,1488,660,False,False,43.9,51.84
VIC1,2005-06,23.54,27.23,1440,660,False,False,41.99,48.58
VIC1,2005-07,26.51,32.3,1488,630,False,False,47.14,57.43
VIC1,2005-08,30.0,40.15,1488,690,False,False,53.17,71.15
VIC1,2005-09,29.14,37.3,1440,660,False,False,51.47,65.89
VIC1,2005-10,22.64,28.44,1488,630,False,False,39.92,50.15
VIC1,2005-11,30.7,46.09,1440,660,False,False,54.04,81.13
VIC1,2005-12,34.24,49.13,1488,660,False,False,60.17,86.34
VIC1,2006-01,53.44,88.39,1488,660,False,False,93.64,154.88
VIC1,2006-02,56.0,105.26,1344,600,False,False,97.85,183.92
VIC1,2006-03,23.36,29.05,1488,690,False,False,40.7,50.61
VIC1,2006-04,22.59,27.89,1440,600,False,False,39.15,48.34
VIC1,2006-05,28.25,37.92,1488,690,False,False,48.71,65.38
VIC1,2006-06,34.61,42.6,1440,660,False,False,59.36,73.07
VIC1,2006-07,47.2,71.95,1488,630,False,False,80.72,123.04
VIC1,2006-08,32.21,38.93,1488,690,False,False,54.92,66.38
VIC1,2006-09,30.8,38.74,1440,630,False,False,52.36,65.86
VIC1,2006-10,27.66,34.58,1488,660,False,False,47.04,58.81
VIC1,2006-11,32.71,42.04,1440,660,False,False,55.65,71.53
VIC1,2006-12,22.28,28.05,1488,630,False,False,37.92,47.74
VIC1,2007-01,91.46,165.27,1488,690,False,False,155.63,281.22
VIC1,2007-02,47.44,68.57,1344,600,False,False,80.7,116.64
VIC1,2007-03,53.28,74.37,1488,660,False,False,90.61,126.48
VIC1,2007-04,67.76,80.99,1440,630,False,False,114.76,137.17
VIC1,2007-05,62.64,74.97,1488,690,False,False,105.66,126.46
VIC1,2007-06,143.28,218.49,1440,630,False,False,240.71,367.06
VIC1,2007-07,85.55,114.96,1488,660,False,False,143.39,192.69
VIC1,2007-08,41.73,50.52,1488,690,False,False,69.78,84.48
VIC1,2007-09,44.58,54.66,1440,600,False,False,74.38,91.2
VIC1,2007-10,35.51,45.03,1488,690,False,False,59.06,74.9
VIC1,2007-11,42.73,53.86,1440,660,False,False,70.85,89.31
VIC1,2007-12,44.79,61.74,1488,630,False,False,74.04,102.06
VIC1,2008-01,40.37,54.78,1488,690,False,False,66.44,90.15
VIC1,2008-02,36.88,51.53,1392,630,False,False,60.43,84.43
VIC1,2008-03,52.14,84.1,1488,630,False,False,85.05,137.19
VIC1,2008-04,39.86,49.7,1440,660,False,False,64.71,80.68
VIC1,2008-05,54.03,63.89,1488,660,False,False,87.29,103.22
VIC1,2008-06,42.04,51.98,1440,630,False,False,67.6,83.58
VIC1,2008-07,43.04,60.1,1488,690,False,False,68.94,96.26
VIC1,2008-08,40.91,50.49,1488,630,False,False,65.27,80.56
VIC1,2008-09,36.62,47.53,1440,660,False,False,58.2,75.54
VIC1,2008-10,39.37,50.87,1488,690,False,False,62.64,80.94
VIC1,2008-11,34.56,44.54,1440,600,False,False,55.05,70.95
VIC1,2008-12,22.49,27.59,1488,690,False,False,35.86,44.0
VIC1,2009-01,125.54,248.01,1488,660,False,False,200.11,395.33
VIC1,2009-02,33.4,44.12,1344,600,False,False,53.22,70.3
VIC1,2009-03,25.27,32.01,1488,660,False,False,40.25,50.99
VIC1,2009-04,37.3,48.96,1440,660,False,False,59.32,77.86
VIC1,2009-05,31.45,37.6,1488,630,False,False,49.93,59.69
VIC1,2009-06,30.07,37.07,1440,660,False,False,47.66,58.75
VIC1,2009-07,26.84,32.46,1488,690,False,False,42.41,51.29
VIC1,2009-08,22.44,27.81,1488,630,False,False,35.34,43.8
VIC1,2009-09,22.94,27.42,1440,660,False,False,36.02,43.05
VIC1,2009-10,25.56,30.83,1488,660,False,False,40.06,48.32
VIC1,2009-11,32.43,44.77,1440,630,False,False,50.74,70.04
VIC1,2009-12,23.51,29.38,1488,690,False,False,36.72,45.88
VIC1,2010-01,60.95,114.66,1488,630,False,False,94.89,178.52
VIC1,2010-02,67.91,123.77,1344,600,False,False,105.4,192.1
VIC1,2010-03,22.86,26.87,1488,690,False,False,35.37,41.58
VIC1,2010-04,71.56,131.27,1440,660,False,False,110.5,202.71
VIC1,2010-05,30.49,34.5,1488,630,False,False,46.99,53.17
VIC1,2010-06,31.4,36.24,1440,660,False,False,48.29,55.74
VIC1,2010-07,26.65,30.25,1488,660,False,False,40.89,46.41
VIC1,2010-08,27.05,30.63,1488,660,False,False,41.4,46.88
VIC1,2010-09,22.12,24.81,1440,660,False,False,33.78,37.89
VIC1,2010-10,20.82,24.32,1488,630,False,False,31.75,37.09
VIC1,2010-11,18.42,20.74,1440,660,False,False,28.06,31.59
VIC1,2010-12,16.52,18.84,1488,690,False,False,25.13,28.66
VIC1,2011-01,41.07,65.9,1488,630,False,False,62.15,99.73
VIC1,2011-02,40.46,59.12,1344,600,False,False,60.92,89.01
VIC1,2011-03,24.96,28.33,1488,690,False,False,37.39,42.44
VIC1,2011-04,25.6,28.26,1440,630,False,False,38.23,42.2
VIC1,2011-05,34.35,40.34,1488,660,False,False,51.14,60.06
VIC1,2011-06,27.92,33.79,1440,660,False,False,41.44,50.15
VIC1,2011-07,29.49,37.74,1488,630,False,False,43.68,55.91
VIC1,2011-08,29.95,35.21,1488,690,False,False,44.28,52.05
VIC1,2011-09,26.98,31.48,1440,660,False,False,39.81,46.45
VIC1,2011-10,23.61,28.55,1488,630,False,False,34.84,42.13
VIC1,2011-11,26.58,30.42,1440,660,False,False,39.22,44.88
VIC1,2011-12,22.18,25.43,1488,660,False,False,32.73,37.52
VIC1,2012-01,24.03,28.96,1488,660,False,False,35.45,42.72
VIC1,2012-02,25.85,29.72,1392,630,False,False,38.13,43.83
VIC1,2012-03,23.7,27.57,1488,660,False,False,34.95,40.66
VIC1,2012-04,32.01,36.22,1440,630,False,False,47.12,53.32
VIC1,2012-05,26.58,30.09,1488,690,False,False,39.06,44.22
VIC1,2012-06,36.75,42.49,1440,630,False,False,53.91,62.33
VIC1,2012-07,73.46,89.71,1488,660,True,False,107.28,131.01
VIC1,2012-08,55.76,58.42,1488,690,True,False,81.06,84.93
VIC1,2012-09,53.48,60.79,1440,600,True,False,77.4,87.98
VIC1,2012-10,51.27,54.54,1488,690,True,False,74.14,78.87
VIC1,2012-11,77.18,108.42,1440,660,True,False,111.51,156.65
VIC1,2012-12,52.18,58.79,1488,630,True,False,75.33,84.87
VIC1,2013-01,54.27,65.27,1488,690,True,False,78.26,94.12
VIC1,2013-02,53.59,59.25,1344,600,True,False,77.19,85.34
VIC1,2013-03,52.31,59.68,1488,630,True,False,75.26,85.87
VIC1,2013-04,50.02,53.14,1440,660,True,False,71.88,76.36
VIC1,2013-05,54.85,60.42,1488,690,True,False,78.72,86.71
VIC1,2013-06,60.9,70.08,1440,600,True,False,87.29,100.45
VIC1,2013-07,58.35,61.74,1488,690,True,False,83.3,88.13
VIC1,2013-08,54.12,57.53,1488,660,True,False,76.95,81.79
VIC1,2013-09,49.25,51.96,1440,630,True,False,69.74,73.58
VIC1,2013-10,49.47,51.51,1488,690,True,False,69.88,72.77
VIC1,2013-11,46.76,49.21,1440,630,True,False,65.9,69.35
VIC1,2013-12,50.33,57.33,1488,660,True,False,70.76,80.6
VIC1,2014-01,72.43,105.36,1488,690,True,False,101.63,147.84
VIC1,2014-02,49.25,51.23,1344,600,True,False,68.97,71.74
VIC1,2014-03,45.96,50.43,1488,630,True,False,64.24,70.48
VIC1,2014-04,43.79,46.35,1440,660,True,False,61.1,64.67
VIC1,2014-05,48.2,53.06,1488,660,True,False,67.14,73.91
VIC1,2014-06,49.17,53.86,1440,630,True,False,68.38,74.9
VIC1,2014-07,38.59,43.59,1488,690,False,False,53.59,60.53
VIC1,2014-08,34.51,40.37,1488,630,False,False,47.86,55.98
VIC1,2014-09,36.26,41.59,1440,660,False,False,50.21,57.59
VIC1,2014-10,26.59,30.36,1488,690,False,False,36.8,42.02
VIC1,2014-11,28.56,34.02,1440,600,False,False,39.5,47.05
VIC1,2014-12,26.54,31.02,1488,690,False,False,36.68,42.88
VIC1,2015-01,26.1,33.35,1488,660,False,False,36.05,46.07
VIC1,2015-02,28.03,34.67,1344,600,False,False,38.69,47.86
VIC1,2015-03,25.81,30.8,1488,660,False,False,35.61,42.49
VIC1,2015-04,28.91,34.91,1440,660,False,False,39.79,48.05
VIC1,2015-05,29.85,38.04,1488,630,False,False,40.99,52.23
VIC1,2015-06,34.41,40.94,1440,660,False,False,47.13,56.08
VIC1,2015-07,34.75,42.4,1488,690,False,False,47.54,58.0
VIC1,2015-08,35.04,41.42,1488,630,False,False,47.87,56.59
VIC1,2015-09,44.55,50.53,1440,660,False,False,60.79,68.95
VIC1,2015-10,35.63,44.46,1488,660,False,False,48.55,60.59
VIC1,2015-11,34.92,44.68,1440,630,False,False,47.53,60.81
VIC1,2015-12,48.01,61.92,1488,690,False,False,65.26,84.16
VIC1,2016-01,46.95,72.53,1488,630,False,False,63.86,98.65
VIC1,2016-02,35.42,43.88,1392,630,False,False,48.21,59.72
VIC1,2016-03,45.89,58.3,1488,690,False,False,62.5,79.4
VIC1,2016-04,45.88,59.14,1440,630,False,False,62.4,80.43
VIC1,2016-05,54.24,73.57,1488,660,False,False,73.66,99.91
VIC1,2016-06,92.77,114.45,1440,660,False,False,125.8,155.19
VIC1,2016-07,64.64,84.49,1488,630,False,False,87.45,114.3
VIC1,2016-08,43.24,53.5,1488,690,False,False,58.36,72.21
VIC1,2016-09,41.02,47.59,1440,660,False,False,55.24,64.08
VIC1,2016-10,33.18,38.38,1488,630,False,False,44.6,51.59
VIC1,2016-11,36.07,45.05,1440,660,False,False,48.4,60.45
VIC1,2016-12,29.9,37.06,1488,660,False,False,40.05,49.64
VIC1,2017-01,62.04,80.27,1488,660,False,False,82.98,107.36
VIC1,2017-02,86.05,111.69,1344,600,False,False,114.91,149.15
VIC1,2017-03,90.63,110.35,1488,690,False,False,120.84,147.14
VIC1,2017-04,108.2,121.78,1440,600,False,False,144.18,162.27
VIC1,2017-05,107.95,121.22,1488,690,False,False,143.75,161.42
VIC1,2017-06,98.5,103.65,1440,660,False,False,131.08,137.93
VIC1,2017-07,117.38,129.67,1488,630,False,False,155.89,172.21
VIC1,2017-08,102.57,116.97,1488,690,False,False,135.94,155.03
VIC1,2017-09,79.43,89.1,1440,630,False,False,105.06,117.85
VIC1,2017-10,73.31,81.72,1488,660,False,False,96.75,107.85
VIC1,2017-11,95.54,111.45,1440,660,False,False,125.81,146.76
VIC1,2017-12,84.85,97.2,1488,630,False,False,111.48,127.71
VIC1,2018-01,133.48,182.54,1488,690,False,False,175.12,239.48
VIC1,2018-02,97.43,123.66,1344,600,False,False,127.64,162.0
VIC1,2018-03,76.01,81.46,1488,660,False,False,99.43,106.56
VIC1,2018-04,74.04,86.12,1440,630,False,False,96.74,112.52
VIC1,2018-05,79.79,93.45,1488,690,False,False,104.13,121.96
VIC1,2018-06,93.72,109.8,1440,630,False,False,122.16,143.12
VIC1,2018-07,70.1,86.86,1488,660,False,False,91.24,113.06
VIC1,2018-08,79.17,100.32,1488,690,False,False,102.9,130.39
VIC1,2018-09,92.85,106.94,1440,600,False,False,120.51,138.79
VIC1,2018-10,99.83,108.4,1488,690,False,False,129.34,140.44
VIC1,2018-11,97.84,104.23,1440,660,False,False,126.54,134.81
VIC1,2018-12,91.79,113.57,1488,630,False,False,118.51,146.63
VIC1,2019-01,250.33,421.41,1488,690,False,False,323.22,544.12
VIC1,2019-02,111.16,119.46,1344,600,False,False,143.54,154.25
VIC1,2019-03,131.11,176.04,1488,630,False,False,169.3,227.32
VIC1,2019-04,98.44,105.41,1440,660,False,False,126.87,135.85
VIC1,2019-05,91.9,103.35,1488,690,False,False,118.2,132.93
VIC1,2019-06,101.81,120.77,1440,600,False,False,130.69,155.03
VIC1,2019-07,85.92,104.22,1488,690,False,False,110.09,133.53
VIC1,2019-08,104.95,128.34,1488,660,False,False,134.22,164.13
VIC1,2019-09,104.76,119.12,1440,630,False,False,133.72,152.05
VIC1,2019-10,100.7,110.98,1488,690,False,False,128.25,141.34
VIC1,2019-11,67.98,68.72,1440,630,False,False,86.38,87.32
VIC1,2019-12,61.39,77.24,1488,660,False,False,77.83,97.92
VIC1,2020-01,142.95,255.49,1488,690,False,False,181.01,323.5
VIC1,2020-02,48.31,55.07,1392,600,False,False,61.1,69.64
VIC1,2020-03,43.3,49.68,1488,660,False,False,54.69,62.75
VIC1,2020-04,34.83,41.8,1440,660,False,False,44.28,53.14
VIC1,2020-05,38.29,46.68,1488,630,False,False,48.99,59.73
VIC1,2020-06,48.66,62.5,1440,660,False,False,62.67,80.49
VIC1,2020-07,63.6,74.52,1488,690,False,False,81.49,95.48
VIC1,2020-08,53.7,65.6,1488,630,False,False,68.45,83.62
VIC1,2020-09,34.65,38.68,1440,660,False,False,43.94,49.06
VIC1,2020-10,44.79,53.68,1488,660,False,False,56.63,67.88
VIC1,2020-11,44.07,49.58,1440,630,False,False,55.56,62.5
VIC1,2020-12,23.79,23.43,1488,690,False,False,29.9,29.45
VIC1,2021-01,22.82,20.66,1488,630,False,False,28.63,25.92
VIC1,2021-02,21.85,24.62,1344,600,False,False,27.36,30.83
VIC1,2021-03,30.36,31.29,1488,690,False,False,37.94,39.1
VIC1,2021-04,49.47,60.46,1440,660,False,False,61.67,75.37
VIC1,2021-05,72.84,113.74,1488,630,False,False,90.58,141.45
VIC1,2021-06,87.92,107.34,1440,660,False,False,109.07,133.16
VIC1,2021-07,91.72,127.01,1488,660,False,False,113.46,157.12
VIC1,2021-08,47.0,54.92,1488,660,False,False,57.98,67.75
VIC1,2021-09,27.72,33.28,1440,660,False,False,34.1,40.94
VIC1,2021-10,18.46,15.04,8928,3780,False,False,22.61,18.42
VIC1,2021-11,35.02,40.75,8640,3960,False,False,42.72,49.71
VIC1,2021-12,32.23,30.93,8928,4140,False,False,39.15,37.57
VIC1,2022-01,60.82,75.05,8928,3780,False,False,73.35,90.51
VIC1,2022-02,54.17,48.46,8064,3600,False,False,64.86,58.03
VIC1,2022-03,54.78,56.21,8928,4140,False,False,65.13,66.83
VIC1,2022-04,141.51,167.79,8640,3780,False,False,167.25,198.31
VIC1,2022-05,233.64,264.05,8928,3960,False,False,274.51,310.24
VIC1,2022-06,296.49,375.27,8640,3960,False,False,346.32,438.34
VIC1,2022-07,340.34,431.21,8928,3780,False,False,395.12,500.61
VIC1,2022-08,121.01,136.75,8928,4140,False,False,139.64,157.8
VIC1,2022-09,111.77,130.63,8640,3960,False,False,128.2,149.83
VIC1,2022-10,98.9,96.99,8928,3780,False,False,112.74,110.56
VIC1,2022-11,58.63,58.52,8640,3960,False,False,66.43,66.3
VIC1,2022-12,31.28,11.86,8928,3960,False,False,35.23,13.36
VIC1,2023-01,48.09,32.16,8928,3960,False,False,53.91,36.05
VIC1,2023-02,58.01,55.28,8064,3600,False,False,64.74,61.7
VIC1,2023-03,62.02,54.34,8928,4140,False,False,68.91,60.38
VIC1,2023-04,83.62,86.66,8640,3600,False,False,92.65,96.01
VIC1,2023-05,127.15,145.34,8928,4140,False,False,140.47,160.57
VIC1,2023-06,54.53,85.58,8640,3960,False,False,60.07,94.28
VIC1,2023-07,55.21,75.97,8928,3780,False,False,60.59,83.37
VIC1,2023-08,64.66,79.54,8928,4140,False,False,70.69,86.96
VIC1,2023-09,26.31,28.25,8640,3780,False,False,28.65,30.77
VIC1,2023-10,17.19,15.18,8928,3960,False,False,18.68,16.5
VIC1,2023-11,34.94,31.91,8640,3960,False,False,37.89,34.61
VIC1,2023-12,25.29,25.38,8928,3780,False,False,27.37,27.47
VIC1,2024-01,22.1,17.76,8928,4140,False,False,23.84,19.16
VIC1,2024-02,82.94,133.12,8352,3780,False,False,89.21,143.19
VIC1,2024-03,51.99,46.11,8928,3780,False,False,55.75,49.44
VIC1,2024-04,84.8,79.92,8640,3960,False,False,90.62,85.4
VIC1,2024-05,132.97,145.96,8928,4140,False,False,141.6,155.43
VIC1,2024-06,164.23,198.44,8640,3600,False,False,174.28,210.58
VIC1,2024-07,149.14,191.27,8928,4140,False,False,158.15,202.83
VIC1,2024-08,143.4,215.57,8928,3960,False,False,151.95,228.43
VIC1,2024-09,17.39,26.5,8640,3780,False,False,18.41,28.06
VIC1,2024-10,20.36,10.31,8928,4140,False,False,21.54,10.91
VIC1,2024-11,64.08,53.17,8640,3780,False,False,67.76,56.23
VIC1,2024-12,52.25,40.31,8928,3960,False,False,55.22,42.6
VIC1,2025-01,48.35,23.93,8928,4140,False,False,50.94,25.21
VIC1,2025-02,68.55,76.84,8064,3600,False,False,72.0,80.71
VIC1,2025-03,61.75,62.81,8928,3780,False,False,64.66,65.77
VIC1,2025-04,74.76,70.45,8640,3960,False,False,78.09,73.59
VIC1,2025-05,78.05,93.68,8928,3960,False,False,81.33,97.61
VIC1,2025-06,264.6,462.78,8640,3780,False,False,275.03,481.02
VIC1,2025-07,82.13,107.55,8928,4140,False,False,84.99,111.3
VIC1,2025-08,93.19,107.41,8928,3780,False,False,96.02,110.67
VIC1,2025-09,55.27,61.94,8640,3960,False,False,56.7,63.54
VIC1,2025-10,51.37,45.17,8928,4140,False,False,52.6,46.25
VIC1,2025-11,31.92,14.11,8640,3600,False,False,32.62,14.42
VIC1,2025-12,27.51,17.32,8928,4140,False,False,28.06,17.66
VIC1,2026-01,38.55,43.95,8928,3960,False,False,39.14,44.62
VIC1,2026-02,45.06,40.32,8064,3600,False,False,45.54,40.75
VIC1,2026-03,44.74,44.57,8928,3960,False,False,45.01,44.84
VIC1,2026-04,35.68,37.64,8640,3960,False,False,35.82,37.79
VIC1,2026-05,64.77,73.55,8928,3780,False,False,64.9,73.7
VIC1,2026-06,66.81,77.88,8640,3960,False,False,66.81,77.88
VIC1,2026-07,70.36,90.62,8928,4140,False,True,70.36,90.62
VIC1,2026-08,60.4,68.78,8928,3780,False,True,60.4,68.78
VIC1,2026-09,36.83,37.02,8640,3960,False,True,36.83,37.02
