region,year_month,rrp_nominal,peak_rrp_nominal,total_intervals,peak_intervals,carbon_flag,cpi_estimated,rrp_real,peak_rrp_real
NSW1,2003-07,46.77,75.82,1488,690,False,False,85.74,138.99
NSW1,2003-08,19.61,22.06,1488,630,False,False,35.88,40.36
NSW1,2003-09,21.05,26.29,1440,660,False,False,38.44,48.01
NSW1,2003-10,17.5,19.41,1488,690,False,False,31.9,35.39
NSW1,2003-11,18.37,20.74,1440,600,False,False,33.43,37.75
NSW1,2003-12,23.38,29.68,1488,690,False,False,42.48,53.92
NSW1,2004-01,26.76,31.61,1488,660,False,False,48.47,57.26
NSW1,2004-02,58.5,49.01,1392,600,False,False,105.65,88.51
NSW1,2004-03,63.73,116.77,1488,690,False,False,114.76,210.27
NSW1,2004-04,30.27,37.43,1440,660,False,False,54.42,67.3
NSW1,2004-05,32.12,37.85,1488,630,False,False,57.66,67.95
NSW1,2004-06,31.18,33.72,1440,660,False,False,55.89,60.44
NSW1,2004-07,35.63,43.57,1488,660,False,False,63.78,77.99
NSW1,2004-08,23.61,26.2,1488,660,False,False,42.2,46.83
NSW1,2004-09,28.18,32.32,1440,660,False,False,50.3,57.69
NSW1,2004-10,69.6,125.43,1488,630,False,False,123.92,223.33
NSW1,2004-11,77.7,131.39,1440,660,False,False,137.99,233.35
NSW1,2004-12,64.89,110.88,1488,690,False,False,114.95,196.42
NSW1,2005-01,39.9,65.6,1488,630,False,False,70.53,115.95
NSW1,2005-02,32.86,50.64,1344,600,False,False,57.95,89.31
NSW1,2005-03,18.45,19.92,1488,690,False,False,32.47,35.05
NSW1,2005-04,29.9,36.49,1440,630,False,False,52.51,64.08
NSW1,2005-05,24.4,27.74,1488,660,False,False,42.77,48.62
NSW1,2005-06,26.35,32.42,1440,660,False,False,46.09,56.71
NSW1,2005-07,24.3,27.73,1488,630,False,False,42.37,48.35
NSW1,2005-08,28.47,36.96,1488,690,False,False,49.47,64.23
NSW1,2005-09,28.63,36.19,1440,660,False,False,49.59,62.68
NSW1,2005-10,47.39,86.17,1488,630,False,False,81.94,148.99
NSW1,2005-11,57.49,104.05,1440,660,False,False,99.23,179.6
NSW1,2005-12,71.55,127.53,1488,660,False,False,123.29,219.75
NSW1,2006-01,26.84,33.82,1488,660,False,False,46.12,58.11
NSW1,2006-02,64.45,122.66,1344,600,False,False,110.42,210.15
NSW1,2006-03,22.58,27.46,1488,690,False,False,38.58,46.91
NSW1,2006-04,20.61,23.63,1440,600,False,False,35.03,40.16
NSW1,2006-05,25.45,32.23,1488,690,False,False,43.03,54.49
NSW1,2006-06,31.47,38.39,1440,660,False,False,52.93,64.56
NSW1,2006-07,47.71,73.49,1488,630,False,False,80.0,123.23
NSW1,2006-08,29.79,35.43,1488,690,False,False,49.81,59.24
NSW1,2006-09,28.25,34.69,1440,630,False,False,47.09,57.83
NSW1,2006-10,25.33,30.95,1488,660,False,False,42.24,51.61
NSW1,2006-11,31.47,41.15,1440,660,False,False,52.5,68.65
NSW1,2006-12,21.0,25.26,1488,630,False,False,35.05,42.16
NSW1,2007-01,55.91,89.47,1488,690,False,False,93.28,149.28
NSW1,2007-02,44.76,62.98,1344,600,False,False,74.66,105.05
NSW1,2007-03,51.28,63.16,1488,660,False,False,85.51,105.32
NSW1,2007-04,78.21,102.26,1440,630,False,False,129.89,169.83
NSW1,2007-05,63.28,75.83,1488,690,False,False,104.66,125.42
NSW1,2007-06,230.66,397.05,1440,630,False,False,379.96,654.06
NSW1,2007-07,77.87,105.7,1488,660,False,False,127.98,173.72
NSW1,2007-08,39.94,47.17,1488,690,False,False,65.49,77.35
NSW1,2007-09,47.95,60.36,1440,600,False,False,78.45,98.75
NSW1,2007-10,40.72,55.78,1488,690,False,False,66.41,90.97
NSW1,2007-11,36.01,48.17,1440,660,False,False,58.55,78.32
NSW1,2007-12,40.16,55.55,1488,630,False,False,65.1,90.04
NSW1,2008-01,34.08,43.73,1488,690,False,False,55.0,70.57
NSW1,2008-02,27.19,32.22,1392,630,False,False,43.68,51.76
NSW1,2008-03,34.57,47.31,1488,630,False,False,55.29,75.67
NSW1,2008-04,33.25,40.08,1440,660,False,False,52.93,63.8
NSW1,2008-05,45.2,53.21,1488,660,False,False,71.6,84.29
NSW1,2008-06,41.82,51.05,1440,630,False,False,65.93,80.49
NSW1,2008-07,40.47,55.38,1488,690,False,False,63.56,86.98
NSW1,2008-08,39.92,48.73,1488,630,False,False,62.45,76.24
NSW1,2008-09,35.55,45.62,1440,660,False,False,55.4,71.1
NSW1,2008-10,81.58,143.1,1488,690,False,False,127.28,223.26
NSW1,2008-11,30.85,38.45,1440,600,False,False,48.18,60.05
NSW1,2008-12,23.91,27.84,1488,690,False,False,37.39,43.53
NSW1,2009-01,47.1,72.97,1488,660,False,False,73.62,114.05
NSW1,2009-02,41.43,39.35,1344,600,False,False,64.73,61.48
NSW1,2009-03,24.65,29.61,1488,660,False,False,38.5,46.25
NSW1,2009-04,36.01,47.45,1440,660,False,False,56.15,73.99
NSW1,2009-05,30.28,35.75,1488,630,False,False,47.14,55.65
NSW1,2009-06,34.15,45.82,1440,660,False,False,53.07,71.21
NSW1,2009-07,31.47,40.23,1488,690,False,False,48.76,62.33
NSW1,2009-08,24.3,27.9,1488,630,False,False,37.53,43.09
NSW1,2009-09,25.62,28.56,1440,660,False,False,39.44,43.97
NSW1,2009-10,27.54,32.65,1488,660,False,False,42.32,50.18
NSW1,2009-11,107.76,209.33,1440,630,False,False,165.31,321.13
NSW1,2009-12,97.38,186.31,1488,690,False,False,149.12,285.31
NSW1,2010-01,50.42,78.56,1488,630,False,False,76.97,119.93
NSW1,2010-02,55.74,96.8,1344,600,False,False,84.83,147.32
NSW1,2010-03,25.86,30.88,1488,690,False,False,39.24,46.85
NSW1,2010-04,24.75,28.33,1440,660,False,False,37.48,42.9
NSW1,2010-05,27.77,31.21,1488,630,False,False,41.96,47.16
NSW1,2010-06,33.29,38.94,1440,660,False,False,50.21,58.73
NSW1,2010-07,27.39,29.46,1488,660,False,False,41.21,44.32
NSW1,2010-08,34.96,46.72,1488,660,False,False,52.47,70.12
NSW1,2010-09,24.17,25.76,1440,660,False,False,36.19,38.57
NSW1,2010-10,22.65,24.27,1488,630,False,False,33.87,36.29
NSW1,2010-11,23.08,24.35,1440,660,False,False,34.47,36.37
NSW1,2010-12,22.47,24.87,1488,690,False,False,33.51,37.09
NSW1,2011-01,48.36,78.09,1488,630,False,False,71.76,115.88
NSW1,2011-02,136.77,259.43,1344,600,False,False,201.91,383.0
NSW1,2011-03,26.34,29.29,1488,690,False,False,38.69,43.02
NSW1,2011-04,26.43,27.22,1440,630,False,False,38.7,39.86
NSW1,2011-05,29.11,30.41,1488,660,False,False,42.5,44.39
NSW1,2011-06,27.4,29.83,1440,660,False,False,39.88,43.41
NSW1,2011-07,30.63,35.14,1488,630,False,False,44.49,51.04
NSW1,2011-08,30.15,33.09,1488,690,False,False,43.71,47.97
NSW1,2011-09,28.56,31.1,1440,660,False,False,41.32,44.99
NSW1,2011-10,28.52,30.68,1488,630,False,False,41.26,44.39
NSW1,2011-11,37.12,47.76,1440,660,False,False,53.7,69.1
NSW1,2011-12,25.78,27.5,1488,660,False,False,37.3,39.79
NSW1,2012-01,25.07,28.43,1488,660,False,False,36.26,41.12
NSW1,2012-02,26.89,29.48,1392,630,False,False,38.89,42.63
NSW1,2012-03,25.46,28.13,1488,660,False,False,36.81,40.67
NSW1,2012-04,33.52,36.78,1440,630,False,False,48.38,53.09
NSW1,2012-05,28.71,30.61,1488,690,False,False,41.37,44.11
NSW1,2012-06,36.01,40.68,1440,630,False,False,51.8,58.52
NSW1,2012-07,66.23,74.02,1488,660,True,False,94.84,106.0
NSW1,2012-08,57.4,59.12,1488,690,True,False,81.83,84.28
NSW1,2012-09,52.75,54.32,1440,600,True,False,74.86,77.09
NSW1,2012-10,57.07,60.96,1488,690,True,False,80.92,86.44
NSW1,2012-11,56.88,62.23,1440,660,True,False,80.58,88.16
NSW1,2012-12,49.81,50.48,1488,630,True,False,70.51,71.46
NSW1,2013-01,50.56,53.13,1488,690,True,False,71.49,75.12
NSW1,2013-02,52.12,54.42,1344,600,True,False,73.61,76.86
NSW1,2013-03,52.51,54.87,1488,630,True,False,74.08,77.41
NSW1,2013-04,54.03,57.39,1440,660,True,False,76.13,80.86
NSW1,2013-05,55.07,59.18,1488,690,True,False,77.5,83.28
NSW1,2013-06,56.5,59.67,1440,600,True,False,79.41,83.86
NSW1,2013-07,57.81,60.88,1488,690,True,False,80.92,85.22
NSW1,2013-08,54.27,56.37,1488,660,True,False,75.66,78.59
NSW1,2013-09,52.71,54.35,1440,630,True,False,73.19,75.47
NSW1,2013-10,51.5,52.4,1488,690,True,False,71.34,72.58
NSW1,2013-11,50.49,51.68,1440,630,True,False,69.77,71.42
NSW1,2013-12,59.03,70.8,1488,660,True,False,81.38,97.6
NSW1,2014-01,52.11,56.72,1488,690,True,False,71.7,78.04
NSW1,2014-02,50.32,52.88,1344,600,True,False,69.1,72.61
NSW1,2014-03,48.68,51.65,1488,630,True,False,66.72,70.79
NSW1,2014-04,48.62,50.39,1440,660,True,False,66.52,68.94
NSW1,2014-05,51.36,56.06,1488,660,True,False,70.15,76.57
NSW1,2014-06,49.74,51.67,1440,630,True,False,67.83,70.46
NSW1,2014-07,41.22,44.55,1488,690,False,False,56.13,60.66
NSW1,2014-08,36.09,40.13,1488,630,False,False,49.07,54.57
NSW1,2014-09,39.97,44.84,1440,660,False,False,54.27,60.89
NSW1,2014-10,31.61,34.1,1488,690,False,False,42.9,46.27
NSW1,2014-11,33.71,41.02,1440,600,False,False,45.72,55.63
NSW1,2014-12,30.65,35.12,1488,690,False,False,41.54,47.6
NSW1,2015-01,36.95,47.17,1488,660,False,False,50.05,63.89
NSW1,2015-02,33.46,38.88,1344,600,False,False,45.29,52.63
NSW1,2015-03,30.79,35.83,1488,660,False,False,41.65,48.47
NSW1,2015-04,35.84,42.98,1440,660,False,False,48.37,58.0
NSW1,2015-05,35.69,41.54,1488,630,False,False,48.05,55.93
NSW1,2015-06,36.09,40.75,1440,660,False,False,48.47,54.73
NSW1,2015-07,39.15,43.87,1488,690,False,False,52.52,58.85
NSW1,2015-08,36.75,40.45,1488,630,False,False,49.23,54.19
NSW1,2015-09,58.0,76.97,1440,660,False,False,77.6,102.98
NSW1,2015-10,36.74,41.94,1488,660,False,False,49.09,56.04
NSW1,2015-11,45.92,62.06,1440,630,False,False,61.28,82.82
NSW1,2015-12,44.56,50.61,1488,690,False,False,59.39,67.45
NSW1,2016-01,45.21,60.64,1488,630,False,False,60.3,80.87
NSW1,2016-02,38.81,45.94,1392,630,False,False,51.79,61.31
NSW1,2016-03,44.66,49.96,1488,690,False,False,59.64,66.72
NSW1,2016-04,66.03,78.0,1440,630,False,False,88.05,104.01
NSW1,2016-05,66.85,81.53,1488,660,False,False,89.02,108.56
NSW1,2016-06,97.69,121.82,1440,660,False,False,129.89,161.97
NSW1,2016-07,66.08,86.11,1488,630,False,False,87.66,114.23
NSW1,2016-08,48.1,58.75,1488,690,False,False,63.66,77.75
NSW1,2016-09,44.88,50.15,1440,660,False,False,59.26,66.22
NSW1,2016-10,55.23,60.61,1488,630,False,False,72.8,79.89
NSW1,2016-11,83.13,114.97,1440,660,False,False,109.38,151.27
NSW1,2016-12,51.53,59.62,1488,660,False,False,67.68,78.31
NSW1,2017-01,82.69,106.24,1488,660,False,False,108.44,139.33
NSW1,2017-02,178.59,279.63,1344,600,False,False,233.85,366.16
NSW1,2017-03,92.71,110.22,1488,690,False,False,121.21,144.11
NSW1,2017-04,106.46,115.63,1440,600,False,False,139.1,151.08
NSW1,2017-05,89.67,96.5,1488,690,False,False,117.09,126.0
NSW1,2017-06,84.86,90.03,1440,660,False,False,110.73,117.48
NSW1,2017-07,91.13,102.1,1488,630,False,False,118.67,132.96
NSW1,2017-08,102.15,112.14,1488,690,False,False,132.75,145.74
NSW1,2017-09,87.24,91.85,1440,630,False,False,113.15,119.13
NSW1,2017-10,82.18,90.03,1488,660,False,False,106.35,116.5
NSW1,2017-11,78.78,87.13,1440,660,False,False,101.72,112.5
NSW1,2017-12,76.56,87.25,1488,630,False,False,98.63,112.4
NSW1,2018-01,76.02,83.74,1488,690,False,False,97.79,107.73
NSW1,2018-02,72.79,80.61,1344,600,False,False,93.5,103.55
NSW1,2018-03,66.71,69.85,1488,660,False,False,85.57,89.6
NSW1,2018-04,75.13,85.54,1440,630,False,False,96.25,109.59
NSW1,2018-05,77.27,88.82,1488,690,False,False,98.88,113.66
NSW1,2018-06,100.74,130.79,1440,630,False,False,128.76,167.17
NSW1,2018-07,74.99,84.93,1488,660,False,False,95.71,108.39
NSW1,2018-08,93.02,108.46,1488,690,False,False,118.55,138.23
NSW1,2018-09,93.36,107.82,1440,600,False,False,118.81,137.21
NSW1,2018-10,88.25,101.79,1488,690,False,False,112.11,129.31
NSW1,2018-11,86.04,99.8,1440,660,False,False,109.12,126.57
NSW1,2018-12,83.54,97.98,1488,630,False,False,105.76,124.05
NSW1,2019-01,117.45,157.41,1488,690,False,False,148.7,199.29
NSW1,2019-02,89.22,102.7,1344,600,False,False,112.96,130.03
NSW1,2019-03,87.91,99.31,1488,630,False,False,111.31,125.75
NSW1,2019-04,78.47,87.88,1440,660,False,False,99.16,111.05
NSW1,2019-05,79.12,90.98,1488,690,False,False,99.79,114.74
NSW1,2019-06,91.29,107.65,1440,600,False,False,114.91,135.5
NSW1,2019-07,71.57,80.74,1488,690,False,False,89.92,101.44
NSW1,2019-08,84.04,98.62,1488,660,False,False,105.39,123.67
NSW1,2019-09,95.62,110.15,1440,630,False,False,119.68,137.87
NSW1,2019-10,101.77,111.43,1488,690,False,False,127.09,139.15
NSW1,2019-11,69.9,72.06,1440,630,False,False,87.09,89.78
NSW1,2019-12,52.09,54.5,1488,660,False,False,64.75,67.75
NSW1,2020-01,152.3,185.41,1488,690,False,False,189.09,230.2
NSW1,2020-02,57.5,59.42,1392,600,False,False,71.3,73.68
NSW1,2020-03,46.16,51.4,1488,660,False,False,57.17,63.66
NSW1,2020-04,40.37,45.3,1440,660,False,False,50.32,56.47
NSW1,2020-05,41.95,48.48,1488,630,False,False,52.63,60.82
NSW1,2020-06,48.09,60.43,1440,660,False,False,60.73,76.31
NSW1,2020-07,47.98,56.33,1488,690,False,False,60.28,70.77
NSW1,2020-08,49.86,60.22,1488,630,False,False,62.32,75.27
NSW1,2020-09,40.99,44.24,1440,660,False,False,50.97,55.02
NSW1,2020-10,57.87,71.72,1488,660,False,False,71.75,88.92
NSW1,2020-11,62.49,82.45,1440,630,False,False,77.25,101.92
NSW1,2020-12,71.38,106.96,1488,690,False,False,87.97,131.82
NSW1,2021-01,38.84,42.87,1488,630,False,False,47.78,52.73
NSW1,2021-02,35.13,36.12,1344,600,False,False,43.13,44.34
NSW1,2021-03,38.97,40.97,1488,690,False,False,47.75,50.2
NSW1,2021-04,55.71,68.79,1440,660,False,False,68.1,84.09
NSW1,2021-05,117.59,183.33,1488,630,False,False,143.39,223.55
NSW1,2021-06,160.04,255.16,1440,660,False,False,194.68,310.39
NSW1,2021-07,124.01,173.79,1488,660,False,False,150.43,210.81
NSW1,2021-08,60.15,66.07,1488,660,False,False,72.76,79.92
NSW1,2021-09,48.9,47.75,1440,660,False,False,58.98,57.6
NSW1,2021-10,57.12,59.06,8928,3780,False,False,68.61,70.94
NSW1,2021-11,64.44,72.52,8640,3960,False,False,77.07,86.74
NSW1,2021-12,67.96,69.08,8928,4140,False,False,80.94,82.28
NSW1,2022-01,77.17,81.24,8928,3780,False,False,91.25,96.07
NSW1,2022-02,83.03,92.36,8064,3600,False,False,97.49,108.44
NSW1,2022-03,100.68,104.67,8928,4140,False,False,117.38,122.03
NSW1,2022-04,186.87,204.07,8640,3780,False,False,216.57,236.5
NSW1,2022-05,320.48,385.21,8928,3960,False,False,369.22,443.8
NSW1,2022-06,398.04,441.06,8640,3960,False,False,455.89,505.16
NSW1,2022-07,371.17,425.89,8928,3780,False,False,422.53,484.82
NSW1,2022-08,148.32,156.59,8928,4140,False,False,167.82,177.18
NSW1,2022-09,153.87,157.38,8640,3960,False,False,173.05,177.0
NSW1,2022-10,151.65,155.91,8928,3780,False,False,169.51,174.27
NSW1,2022-11,112.9,106.68,8640,3960,False,False,125.43,118.52
NSW1,2022-12,82.64,72.58,8928,3960,False,False,91.25,80.15
NSW1,2023-01,94.39,95.95,8928,3960,False,False,103.76,105.48
NSW1,2023-02,90.13,96.16,8064,3600,False,False,98.63,105.23
NSW1,2023-03,116.01,134.91,8928,4140,False,False,126.39,146.98
NSW1,2023-04,110.84,116.44,8640,3600,False,False,120.41,126.5
NSW1,2023-05,193.99,230.59,8928,4140,False,False,210.15,249.8
NSW1,2023-06,105.2,123.7,8640,3960,False,False,113.64,133.62
NSW1,2023-07,84.15,93.78,8928,3780,False,False,90.55,100.92
NSW1,2023-08,93.31,104.72,8928,4140,False,False,100.03,112.26
NSW1,2023-09,64.54,70.17,8640,3780,False,False,68.92,74.94
NSW1,2023-10,42.08,41.9,8928,3960,False,False,44.84,44.65
NSW1,2023-11,87.35,94.35,8640,3960,False,False,92.89,100.34
NSW1,2023-12,68.26,81.66,8928,3780,False,False,72.44,86.66
NSW1,2024-01,81.17,80.48,8928,4140,False,False,85.88,85.15
NSW1,2024-02,111.66,160.9,8352,3780,False,False,117.77,169.7
NSW1,2024-03,70.47,70.49,8928,3780,False,False,74.1,74.12
NSW1,2024-04,89.83,86.27,8640,3960,False,False,94.12,90.39
NSW1,2024-05,273.56,430.06,8928,4140,False,False,285.64,449.05
NSW1,2024-06,152.75,173.97,8640,3600,False,False,158.94,181.03
NSW1,2024-07,127.17,155.59,8928,4140,False,False,132.23,161.78
NSW1,2024-08,174.45,253.4,8928,3960,False,False,181.26,263.29
NSW1,2024-09,58.02,49.3,8640,3780,False,False,60.24,51.19
NSW1,2024-10,77.41,81.59,8928,4140,False,False,80.32,84.66
NSW1,2024-11,219.68,359.37,8640,3780,False,False,227.79,372.64
NSW1,2024-12,134.73,173.92,8928,3960,False,False,139.61,180.23
NSW1,2025-01,83.34,93.9,8928,4140,False,False,86.1,97.01
NSW1,2025-02,90.33,99.9,8064,3600,False,False,93.03,102.89
NSW1,2025-03,89.96,82.47,8928,3780,False,False,92.37,84.68
NSW1,2025-04,104.07,107.35,8640,3960,False,False,106.6,109.95
NSW1,2025-05,123.02,162.22,8928,3960,False,False,125.69,165.74
NSW1,2025-06,256.2,435.34,8640,3780,False,False,261.12,443.7
NSW1,2025-07,96.95,107.33,8928,4140,False,False,98.38,108.91
NSW1,2025-08,101.25,112.68,8928,3780,False,False,102.29,113.84
NSW1,2025-09,71.24,66.42,8640,3960,False,False,71.66,66.81
NSW1,2025-10,77.02,75.35,8928,4140,False,False,77.32,75.65
NSW1,2025-11,76.93,83.58,8640,3600,False,False,77.08,83.74
NSW1,2025-12,71.36,77.75,8928,4140,False,False,71.36,77.75
NSW1,2026-01,67.22,45.49,8928,3960,False,True,67.22,45.49
NSW1,2026-02,83.76,97.18,8064,3600,False,True,83.76,97.18
NSW1,2026-03,71.2,74.36,5184,2340,False,True,71.2,74.36
QLD1,2003-07,43.78,72.18,1488,690,False,False,80.26,132.32
QLD1,2003-08,16.91,18.84,1488,630,False,False,30.94,34.47
QLD1,2003-09,16.05,18.7,1440,660,False,False,29.31,34.15
QLD1,2003-10,14.89,16.84,1488,690,False,False,27.15,30.7
QLD1,2003-11,20.74,19.15,1440,600,False,False,37.75,34.85
QLD1,2003-12,22.66,28.76,1488,690,False,False,41.17,52.25
QLD1,2004-01,23.07,26.73,1488,660,False,False,41.79,48.42
QLD1,2004-02,40.68,47.14,1392,600,False,False,73.47,85.14
QLD1,2004-03,55.86,101.08,1488,690,False,False,100.59,182.02
QLD1,2004-04,28.25,34.66,1440,660,False,False,50.79,62.32
QLD1,2004-05,28.9,33.41,1488,630,False,False,51.88,59.98
QLD1,2004-06,26.51,27.84,1440,660,False,False,47.52,49.9
QLD1,2004-07,25.17,25.42,1488,660,False,False,45.05,45.5
QLD1,2004-08,24.53,29.72,1488,660,False,False,43.85,53.12
QLD1,2004-09,27.65,32.97,1440,660,False,False,49.36,58.85
QLD1,2004-10,51.18,82.45,1488,630,False,False,91.13,146.8
QLD1,2004-11,50.92,77.28,1440,660,False,False,90.43,137.25
QLD1,2004-12,31.65,41.3,1488,690,False,False,56.07,73.16
QLD1,2005-01,22.88,27.18,1488,630,False,False,40.44,48.04
QLD1,2005-02,31.03,48.21,1344,600,False,False,54.72,85.02
QLD1,2005-03,16.58,18.12,1488,690,False,False,29.18,31.89
QLD1,2005-04,23.77,29.03,1440,630,False,False,41.74,50.98
QLD1,2005-05,20.88,23.51,1488,660,False,False,36.6,41.21
QLD1,2005-06,21.7,25.47,1440,660,False,False,37.96,44.55
QLD1,2005-07,18.55,20.87,1488,630,False,False,32.34,36.39
QLD1,2005-08,20.33,24.32,1488,690,False,False,35.33,42.26
QLD1,2005-09,23.99,30.66,1440,660,False,False,41.55,53.1
QLD1,2005-10,25.36,36.89,1488,630,False,False,43.85,63.78
QLD1,2005-11,19.84,24.68,1440,660,False,False,34.25,42.6
QLD1,2005-12,57.3,103.94,1488,660,False,False,98.73,179.1
QLD1,2006-01,29.84,45.52,1488,660,False,False,51.27,78.21
QLD1,2006-02,54.34,97.21,1344,600,False,False,93.1,166.55
QLD1,2006-03,19.67,24.22,1488,690,False,False,33.61,41.38
QLD1,2006-04,21.63,30.02,1440,600,False,False,36.76,51.02
QLD1,2006-05,23.17,29.88,1488,690,False,False,39.17,50.52
QLD1,2006-06,25.25,30.41,1440,660,False,False,42.47,51.14
QLD1,2006-07,29.52,42.03,1488,630,False,False,49.5,70.48
QLD1,2006-08,24.59,29.73,1488,690,False,False,41.11,49.71
QLD1,2006-09,19.58,22.14,1440,630,False,False,32.64,36.91
QLD1,2006-10,20.37,23.84,1488,660,False,False,33.97,39.76
QLD1,2006-11,26.13,33.69,1440,660,False,False,43.59,56.2
QLD1,2006-12,19.99,25.24,1488,630,False,False,33.36,42.12
QLD1,2007-01,73.68,129.47,1488,690,False,False,122.93,216.02
QLD1,2007-02,37.58,53.02,1344,600,False,False,62.68,88.44
QLD1,2007-03,47.57,62.97,1488,660,False,False,79.33,105.01
QLD1,2007-04,75.11,98.91,1440,630,False,False,124.74,164.26
QLD1,2007-05,61.08,72.97,1488,690,False,False,101.03,120.69
QLD1,2007-06,192.45,321.63,1440,630,False,False,317.02,529.82
QLD1,2007-07,70.87,94.81,1488,660,False,False,116.48,155.82
QLD1,2007-08,37.99,44.82,1488,690,False,False,62.29,73.49
QLD1,2007-09,51.14,68.55,1440,600,False,False,83.67,112.15
QLD1,2007-10,62.76,97.91,1488,690,False,False,102.36,159.69
QLD1,2007-11,54.74,50.94,1440,660,False,False,89.0,82.82
QLD1,2007-12,37.7,57.6,1488,630,False,False,61.11,93.37
QLD1,2008-01,47.47,75.11,1488,690,False,False,76.6,121.21
QLD1,2008-02,131.11,163.94,1392,630,False,False,210.64,263.38
QLD1,2008-03,29.3,40.15,1488,630,False,False,46.87,64.22
QLD1,2008-04,28.48,34.99,1440,660,False,False,45.33,55.7
QLD1,2008-05,39.38,46.42,1488,660,False,False,62.38,73.54
QLD1,2008-06,41.13,51.37,1440,630,False,False,64.85,80.99
QLD1,2008-07,36.36,50.74,1488,690,False,False,57.1,79.69
QLD1,2008-08,35.81,43.69,1488,630,False,False,56.02,68.35
QLD1,2008-09,30.89,37.24,1440,660,False,False,48.14,58.04
QLD1,2008-10,40.11,57.1,1488,690,False,False,62.58,89.09
QLD1,2008-11,37.39,53.97,1440,600,False,False,58.4,84.3
QLD1,2008-12,33.45,46.2,1488,690,False,False,52.3,72.24
QLD1,2009-01,40.28,58.59,1488,660,False,False,62.96,91.58
QLD1,2009-02,38.15,52.64,1344,600,False,False,59.61,82.25
QLD1,2009-03,25.71,32.61,1488,660,False,False,40.16,50.93
QLD1,2009-04,32.11,40.78,1440,660,False,False,50.07,63.59
QLD1,2009-05,27.23,32.17,1488,630,False,False,42.39,50.08
QLD1,2009-06,30.76,41.23,1440,660,False,False,47.81,64.08
QLD1,2009-07,27.39,33.09,1488,690,False,False,42.43,51.27
QLD1,2009-08,23.19,26.93,1488,630,False,False,35.81,41.59
QLD1,2009-09,24.54,27.31,1440,660,False,False,37.78,42.05
QLD1,2009-10,26.33,31.56,1488,660,False,False,40.47,48.5
QLD1,2009-11,84.44,158.57,1440,630,False,False,129.54,243.26
QLD1,2009-12,30.9,44.59,1488,690,False,False,47.32,68.28
QLD1,2010-01,55.66,101.15,1488,630,False,False,84.97,154.42
QLD1,2010-02,39.41,63.4,1344,600,False,False,59.98,96.49
QLD1,2010-03,24.2,30.36,1488,690,False,False,36.72,46.06
QLD1,2010-04,21.24,22.61,1440,660,False,False,32.16,34.24
QLD1,2010-05,20.96,24.98,1488,630,False,False,31.67,37.75
QLD1,2010-06,22.53,25.37,1440,660,False,False,33.98,38.26
QLD1,2010-07,20.93,24.17,1488,660,False,False,31.49,36.36
QLD1,2010-08,21.24,22.64,1488,660,False,False,31.88,33.98
QLD1,2010-09,21.2,23.3,1440,660,False,False,31.74,34.89
QLD1,2010-10,20.0,22.29,1488,630,False,False,29.91,33.33
QLD1,2010-11,17.64,20.14,1440,660,False,False,26.34,30.08
QLD1,2010-12,22.08,26.94,1488,690,False,False,32.93,40.18
QLD1,2011-01,43.68,68.84,1488,630,False,False,64.82,102.15
QLD1,2011-02,105.66,196.36,1344,600,False,False,155.99,289.89
QLD1,2011-03,27.43,31.68,1488,690,False,False,40.29,46.53
QLD1,2011-04,25.03,26.61,1440,630,False,False,36.65,38.97
QLD1,2011-05,27.49,29.09,1488,660,False,False,40.13,42.47
QLD1,2011-06,25.32,28.39,1440,660,False,False,36.85,41.32
QLD1,2011-07,26.46,30.87,1488,630,False,False,38.43,44.84
QLD1,2011-08,28.89,32.03,1488,690,False,False,41.88,46.43
QLD1,2011-09,28.86,33.77,1440,660,False,False,41.75,48.86
QLD1,2011-10,27.3,30.07,1488,630,False,False,39.5,43.5
QLD1,2011-11,33.55,42.54,1440,660,False,False,48.54,61.55
QLD1,2011-12,25.57,28.15,1488,660,False,False,36.99,40.73
QLD1,2012-01,32.22,41.84,1488,660,False,False,46.61,60.52
QLD1,2012-02,30.05,37.94,1392,630,False,False,43.46,54.87
QLD1,2012-03,27.19,31.14,1488,660,False,False,39.32,45.03
QLD1,2012-04,29.2,32.17,1440,630,False,False,42.15,46.44
QLD1,2012-05,25.64,27.95,1488,690,False,False,36.95,40.27
QLD1,2012-06,34.3,39.25,1440,630,False,False,49.34,56.46
QLD1,2012-07,63.56,71.37,1488,660,True,False,91.02,102.2
QLD1,2012-08,53.72,58.94,1488,690,True,False,76.58,84.02
QLD1,2012-09,52.65,56.11,1440,600,True,False,74.72,79.63
QLD1,2012-10,52.51,54.75,1488,690,True,False,74.46,77.63
QLD1,2012-11,54.2,60.67,1440,660,True,False,76.79,85.95
QLD1,2012-12,59.15,73.14,1488,630,True,False,83.73,103.53
QLD1,2013-01,155.9,178.66,1488,690,True,False,220.44,252.62
QLD1,2013-02,58.85,69.16,1344,600,True,False,83.12,97.68
QLD1,2013-03,73.8,80.01,1488,630,True,False,104.11,112.88
QLD1,2013-04,55.4,60.49,1440,660,True,False,78.06,85.23
QLD1,2013-05,57.89,65.18,1488,690,True,False,81.46,91.72
QLD1,2013-06,64.44,77.74,1440,600,True,False,90.57,109.26
QLD1,2013-07,60.94,64.43,1488,690,True,False,85.3,90.19
QLD1,2013-08,61.31,71.94,1488,660,True,False,85.47,100.29
QLD1,2013-09,56.08,62.27,1440,630,True,False,77.87,86.46
QLD1,2013-10,61.36,67.76,1488,690,True,False,85.0,93.86
QLD1,2013-11,54.43,59.33,1440,630,True,False,75.22,81.99
QLD1,2013-12,58.24,61.95,1488,660,True,False,80.29,85.4
QLD1,2014-01,71.1,84.07,1488,690,True,False,97.83,115.67
QLD1,2014-02,77.83,108.19,1344,600,True,False,106.87,148.56
QLD1,2014-03,49.68,55.81,1488,630,True,False,68.09,76.49
QLD1,2014-04,49.25,52.99,1440,660,True,False,67.38,72.5
QLD1,2014-05,51.05,56.78,1488,660,True,False,69.73,77.56
QLD1,2014-06,50.92,58.65,1440,630,True,False,69.43,79.98
QLD1,2014-07,32.8,37.69,1488,690,False,False,44.66,51.32
QLD1,2014-08,25.92,29.9,1488,630,False,False,35.25,40.66
QLD1,2014-09,33.77,42.79,1440,660,False,False,45.86,58.1
QLD1,2014-10,23.45,27.94,1488,690,False,False,31.82,37.92
QLD1,2014-11,39.45,57.77,1440,600,False,False,53.5,78.35
QLD1,2014-12,107.29,204.51,1488,690,False,False,145.41,277.17
QLD1,2015-01,117.34,185.37,1488,660,False,False,158.93,251.08
QLD1,2015-02,33.77,42.71,1344,600,False,False,45.71,57.81
QLD1,2015-03,117.62,218.4,1488,660,False,False,159.11,295.44
QLD1,2015-04,32.05,37.91,1440,660,False,False,43.25,51.16
QLD1,2015-05,31.14,34.67,1488,630,False,False,41.92,46.68
QLD1,2015-06,31.51,37.13,1440,660,False,False,42.32,49.87
QLD1,2015-07,46.66,58.91,1488,690,False,False,62.59,79.02
QLD1,2015-08,40.29,50.96,1488,630,False,False,53.98,68.27
QLD1,2015-09,44.79,48.15,1440,660,False,False,59.93,64.42
QLD1,2015-10,36.49,41.6,1488,660,False,False,48.76,55.59
QLD1,2015-11,45.3,61.27,1440,630,False,False,60.45,81.77
QLD1,2015-12,43.08,49.59,1488,690,False,False,57.42,66.09
QLD1,2016-01,51.55,71.04,1488,630,False,False,68.75,94.75
QLD1,2016-02,121.31,210.46,1392,630,False,False,161.9,280.87
QLD1,2016-03,71.03,90.26,1488,690,False,False,94.86,120.54
QLD1,2016-04,66.49,79.35,1440,630,False,False,88.67,105.81
QLD1,2016-05,69.4,86.6,1488,660,False,False,92.41,115.31
QLD1,2016-06,87.53,107.25,1440,660,False,False,116.38,142.6
QLD1,2016-07,60.92,80.32,1488,630,False,False,80.81,106.55
QLD1,2016-08,47.96,59.15,1488,690,False,False,63.47,78.28
QLD1,2016-09,46.06,52.96,1440,660,False,False,60.82,69.93
QLD1,2016-10,53.73,60.77,1488,630,False,False,70.82,80.1
QLD1,2016-11,69.44,87.69,1440,660,False,False,91.36,115.38
QLD1,2016-12,67.3,79.92,1488,660,False,False,88.39,104.97
QLD1,2017-01,197.65,232.26,1488,660,False,False,259.2,304.59
QLD1,2017-02,239.59,308.3,1344,600,False,False,313.73,403.7
QLD1,2017-03,88.75,105.94,1488,690,False,False,116.04,138.51
QLD1,2017-04,94.76,103.48,1440,600,False,False,123.81,135.21
QLD1,2017-05,86.26,93.61,1488,690,False,False,112.63,122.23
QLD1,2017-06,76.46,83.23,1440,660,False,False,99.77,108.61
QLD1,2017-07,77.6,87.07,1488,630,False,False,101.05,113.39
QLD1,2017-08,81.68,92.38,1488,690,False,False,106.15,120.06
QLD1,2017-09,80.54,87.77,1440,630,False,False,104.46,113.83
QLD1,2017-10,78.22,89.16,1488,660,False,False,101.22,115.38
QLD1,2017-11,65.37,72.36,1440,660,False,False,84.4,93.43
QLD1,2017-12,71.53,81.22,1488,630,False,False,92.15,104.64
QLD1,2018-01,75.78,82.28,1488,690,False,False,97.49,105.85
QLD1,2018-02,71.84,83.44,1344,600,False,False,92.28,107.18
QLD1,2018-03,62.53,66.75,1488,660,False,False,80.21,85.62
QLD1,2018-04,63.72,69.11,1440,630,False,False,81.64,88.54
QLD1,2018-05,65.08,72.86,1488,690,False,False,83.28,93.24
QLD1,2018-06,80.42,96.17,1440,630,False,False,102.79,122.92
QLD1,2018-07,69.12,77.84,1488,660,False,False,88.22,99.35
QLD1,2018-08,82.49,94.71,1488,690,False,False,105.13,120.7
QLD1,2018-09,80.6,92.74,1440,600,False,False,102.57,118.02
QLD1,2018-10,78.34,89.22,1488,690,False,False,99.52,113.35
QLD1,2018-11,88.86,105.34,1440,660,False,False,112.69,133.59
QLD1,2018-12,79.18,92.93,1488,630,False,False,100.24,117.65
QLD1,2019-01,93.91,113.36,1488,690,False,False,118.9,143.52
QLD1,2019-02,84.1,95.13,1344,600,False,False,106.48,120.45
QLD1,2019-03,80.89,91.71,1488,630,False,False,102.42,116.12
QLD1,2019-04,68.64,76.88,1440,660,False,False,86.74,97.15
QLD1,2019-05,72.81,82.6,1488,690,False,False,91.83,104.18
QLD1,2019-06,85.0,99.83,1440,600,False,False,106.99,125.66
QLD1,2019-07,66.17,73.22,1488,690,False,False,83.13,91.99
QLD1,2019-08,61.73,66.72,1488,660,False,False,77.41,83.67
QLD1,2019-09,58.52,64.55,1440,630,False,False,73.25,80.79
QLD1,2019-10,74.16,77.53,1488,690,False,False,92.61,96.82
QLD1,2019-11,61.08,65.44,1440,630,False,False,76.1,81.54
QLD1,2019-12,54.83,58.51,1488,660,False,False,68.16,72.74
QLD1,2020-01,66.79,83.67,1488,690,False,False,82.93,103.88
QLD1,2020-02,53.81,58.28,1392,600,False,False,66.73,72.27
QLD1,2020-03,41.27,46.18,1488,660,False,False,51.11,57.19
QLD1,2020-04,36.99,40.2,1440,660,False,False,46.11,50.11
QLD1,2020-05,31.18,35.09,1488,630,False,False,39.12,44.02
QLD1,2020-06,33.71,35.86,1440,660,False,False,42.57,45.29
QLD1,2020-07,38.23,42.74,1488,690,False,False,48.03,53.7
QLD1,2020-08,30.45,30.26,1488,630,False,False,38.06,37.82
QLD1,2020-09,27.36,26.55,1440,660,False,False,34.02,33.02
QLD1,2020-10,35.22,37.4,1488,660,False,False,43.67,46.37
QLD1,2020-11,45.35,52.86,1440,630,False,False,56.06,65.34
QLD1,2020-12,54.46,65.43,1488,690,False,False,67.12,80.64
QLD1,2021-01,40.35,43.8,1488,630,False,False,49.63,53.88
QLD1,2021-02,41.69,47.73,1344,600,False,False,51.18,58.6
QLD1,2021-03,45.81,54.37,1488,690,False,False,56.13,66.62
QLD1,2021-04,53.46,61.17,1440,660,False,False,65.35,74.77
QLD1,2021-05,129.25,223.28,1488,630,False,False,157.61,272.27
QLD1,2021-06,200.72,334.25,1440,660,False,False,244.16,406.6
QLD1,2021-07,135.08,185.43,1488,660,False,False,163.85,224.93
QLD1,2021-08,53.55,55.55,1488,660,False,False,64.77,67.19
QLD1,2021-09,51.22,52.32,1440,660,False,False,61.78,63.11
QLD1,2021-10,66.48,80.47,8928,3780,False,False,79.85,96.65
QLD1,2021-11,96.55,132.44,8640,3960,False,False,115.48,158.4
QLD1,2021-12,128.61,182.96,8928,4140,False,False,153.18,217.91
QLD1,2022-01,139.9,189.96,8928,3780,False,False,165.43,224.63
QLD1,2022-02,162.72,257.03,8064,3600,False,False,191.05,301.78
QLD1,2022-03,147.2,196.7,8928,4140,False,False,171.61,229.32
QLD1,2022-04,219.76,265.86,8640,3780,False,False,254.68,308.11
QLD1,2022-05,347.28,415.45,8928,3960,False,False,400.1,478.64
QLD1,2022-06,400.23,439.14,8640,3960,False,False,458.4,502.96
QLD1,2022-07,391.59,507.37,8928,3780,False,False,445.77,577.57
QLD1,2022-08,133.51,129.62,8928,4140,False,False,151.06,146.66
QLD1,2022-09,156.9,152.44,8640,3960,False,False,176.46,171.44
QLD1,2022-10,154.05,161.28,8928,3780,False,False,172.19,180.27
QLD1,2022-11,121.5,118.14,8640,3960,False,False,134.98,131.25
QLD1,2022-12,85.46,76.42,8928,3960,False,False,94.37,84.39
QLD1,2023-01,98.96,113.54,8928,3960,False,False,108.78,124.81
QLD1,2023-02,88.79,95.48,8064,3600,False,False,97.17,104.49
QLD1,2023-03,123.08,157.17,8928,4140,False,False,134.09,171.23
QLD1,2023-04,109.94,111.33,8640,3600,False,False,119.44,120.95
QLD1,2023-05,164.9,187.0,8928,4140,False,False,178.63,202.58
QLD1,2023-06,102.62,117.86,8640,3960,False,False,110.85,127.31
QLD1,2023-07,77.27,83.21,8928,3780,False,False,83.15,89.54
QLD1,2023-08,67.63,64.4,8928,4140,False,False,72.5,69.04
QLD1,2023-09,50.77,48.95,8640,3780,False,False,54.22,52.27
QLD1,2023-10,37.05,31.89,8928,3960,False,False,39.48,33.98
QLD1,2023-11,72.97,73.35,8640,3960,False,False,77.6,78.01
QLD1,2023-12,93.0,117.11,8928,3780,False,False,98.7,124.28
QLD1,2024-01,160.43,172.77,8928,4140,False,False,169.73,182.79
QLD1,2024-02,119.73,164.47,8352,3780,False,False,126.28,173.47
QLD1,2024-03,74.09,74.56,8928,3780,False,False,77.9,78.4
QLD1,2024-04,84.81,77.23,8640,3960,False,False,88.86,80.92
QLD1,2024-05,92.69,87.49,8928,4140,False,False,96.78,91.35
QLD1,2024-06,124.67,127.4,8640,3600,False,False,129.73,132.57
QLD1,2024-07,119.06,135.85,8928,4140,False,False,123.8,141.26
QLD1,2024-08,130.1,162.05,8928,3960,False,False,135.18,168.38
QLD1,2024-09,49.66,31.67,8640,3780,False,False,51.56,32.88
QLD1,2024-10,70.85,61.54,8928,4140,False,False,73.51,63.85
QLD1,2024-11,177.48,259.36,8640,3780,False,False,184.04,268.94
QLD1,2024-12,134.44,150.79,8928,3960,False,False,139.31,156.26
QLD1,2025-01,114.01,147.57,8928,4140,False,False,117.78,152.45
QLD1,2025-02,74.91,72.07,8064,3600,False,False,77.15,74.23
QLD1,2025-03,79.01,80.88,8928,3780,False,False,81.13,83.05
QLD1,2025-04,98.5,99.74,8640,3960,False,False,100.89,102.16
QLD1,2025-05,95.63,108.25,8928,3960,False,False,97.71,110.6
QLD1,2025-06,169.34,252.36,8640,3780,False,False,172.59,257.21
QLD1,2025-07,82.13,82.66,8928,4140,False,False,83.34,83.88
QLD1,2025-08,78.2,73.3,8928,3780,False,False,79.01,74.06
QLD1,2025-09,54.35,40.87,8640,3960,False,False,54.67,41.11
QLD1,2025-10,55.66,45.11,8928,4140,False,False,55.88,45.29
QLD1,2025-11,63.05,48.44,8640,3600,False,False,63.17,48.54
QLD1,2025-12,54.38,46.52,8928,4140,False,False,54.38,46.52
QLD1,2026-01,64.03,64.54,8928,3960,False,True,64.03,64.54
QLD1,2026-02,69.87,72.4,8064,3600,False,True,69.87,72.4
QLD1,2026-03,65.23,65.02,5184,2340,False,True,65.23,65.02
SA1,2003-07,27.08,34.07,1488,690,False,False,49.64,62.46
SA1,2003-08,22.8,26.44,1488,630,False,False,41.72,48.38
SA1,2003-09,23.25,27.77,1440,660,False,False,42.46,50.72
SA1,2003-10,25.13,29.25,1488,690,False,False,45.81,53.33
SA1,2003-11,32.51,50.3,1440,600,False,False,59.17,91.54
SA1,2003-12,30.76,43.98,1488,690,False,False,55.88,79.9
SA1,2004-01,32.74,37.22,1488,660,False,False,59.3,67.42
SA1,2004-02,86.83,108.46,1392,600,False,False,156.82,195.88
SA1,2004-03,41.75,64.37,1488,690,False,False,75.18,115.91
SA1,2004-04,31.54,37.5,1440,660,False,False,56.71,67.42
SA1,2004-05,34.08,40.38,1488,630,False,False,61.18,72.49
SA1,2004-06,32.57,36.85,1440,660,False,False,58.38,66.05
SA1,2004-07,39.48,50.28,1488,660,False,False,70.67,90.0
SA1,2004-08,32.37,33.56,1488,660,False,False,57.86,59.99
SA1,2004-09,30.72,34.17,1440,660,False,False,54.84,61.0
SA1,2004-10,41.25,54.24,1488,630,False,False,73.45,96.57
SA1,2004-11,64.89,94.35,1440,660,False,False,115.24,167.57
SA1,2004-12,33.77,40.24,1488,690,False,False,59.82,71.29
SA1,2005-01,30.77,41.25,1488,630,False,False,54.39,72.91
SA1,2005-02,26.0,32.11,1344,600,False,False,45.85,56.63
SA1,2005-03,31.87,43.91,1488,690,False,False,56.08,77.27
SA1,2005-04,35.33,42.74,1440,630,False,False,62.05,75.06
SA1,2005-05,37.9,46.01,1488,660,False,False,66.43,80.64
SA1,2005-06,27.95,32.96,1440,660,False,False,48.89,57.66
SA1,2005-07,30.79,37.36,1488,630,False,False,53.68,65.14
SA1,2005-08,33.18,43.61,1488,690,False,False,57.66,75.78
SA1,2005-09,31.34,38.81,1440,660,False,False,54.28,67.22
SA1,2005-10,30.15,37.79,1488,630,False,False,52.13,65.34
SA1,2005-11,40.62,64.09,1440,660,False,False,70.11,110.62
SA1,2005-12,46.59,71.85,1488,660,False,False,80.28,123.81
SA1,2006-01,72.71,109.21,1488,660,False,False,124.93,187.64
SA1,2006-02,31.48,48.02,1344,600,False,False,53.93,82.27
SA1,2006-03,29.6,36.24,1488,690,False,False,50.57,61.91
SA1,2006-04,27.89,33.95,1440,600,False,False,47.4,57.7
SA1,2006-05,38.56,52.72,1488,690,False,False,65.19,89.13
SA1,2006-06,39.22,47.94,1440,660,False,False,65.96,80.63
SA1,2006-07,49.85,70.05,1488,630,False,False,83.59,117.46
SA1,2006-08,37.65,42.93,1488,690,False,False,62.95,71.77
SA1,2006-09,31.63,38.55,1440,630,False,False,52.73,64.26
SA1,2006-10,29.21,36.13,1488,660,False,False,48.71,60.25
SA1,2006-11,36.35,44.26,1440,660,False,False,60.64,73.84
SA1,2006-12,38.69,57.46,1488,630,False,False,64.57,95.9
SA1,2007-01,66.49,111.81,1488,690,False,False,110.94,186.55
SA1,2007-02,52.77,75.24,1344,600,False,False,88.02,125.5
SA1,2007-03,48.57,69.39,1488,660,False,False,80.99,115.71
SA1,2007-04,69.79,82.88,1440,630,False,False,115.9,137.64
SA1,2007-05,56.94,70.9,1488,690,False,False,94.18,117.27
SA1,2007-06,102.63,133.72,1440,630,False,False,169.06,220.28
SA1,2007-07,85.59,113.89,1488,660,False,False,140.67,187.18
SA1,2007-08,41.6,50.5,1488,690,False,False,68.21,82.81
SA1,2007-09,43.14,53.16,1440,600,False,False,70.58,86.97
SA1,2007-10,35.15,43.35,1488,690,False,False,57.33,70.7
SA1,2007-11,42.04,54.39,1440,660,False,False,68.35,88.43
SA1,2007-12,45.72,63.76,1488,630,False,False,74.11,103.35
SA1,2008-01,120.44,226.68,1488,690,False,False,194.36,365.8
SA1,2008-02,126.6,248.69,1392,630,False,False,203.39,399.54
SA1,2008-03,208.16,450.11,1488,630,False,False,332.95,719.95
SA1,2008-04,41.78,51.23,1440,660,False,False,66.51,81.55
SA1,2008-05,51.0,60.14,1488,660,False,False,80.79,95.27
SA1,2008-06,40.11,48.05,1440,630,False,False,63.24,75.76
SA1,2008-07,43.48,60.06,1488,690,False,False,68.29,94.33
SA1,2008-08,41.25,50.93,1488,630,False,False,64.54,79.68
SA1,2008-09,31.53,40.83,1440,660,False,False,49.14,63.63
SA1,2008-10,35.57,45.57,1488,690,False,False,55.5,71.1
SA1,2008-11,32.04,43.01,1440,600,False,False,50.04,67.18
SA1,2008-12,24.53,29.77,1488,690,False,False,38.35,46.55
SA1,2009-01,228.65,475.0,1488,660,False,False,357.39,742.44
SA1,2009-02,38.64,51.77,1344,600,False,False,60.37,80.89
SA1,2009-03,31.78,45.09,1488,660,False,False,49.64,70.43
SA1,2009-04,35.57,45.7,1440,660,False,False,55.46,71.26
SA1,2009-05,33.81,39.59,1488,630,False,False,52.63,61.63
SA1,2009-06,31.29,38.18,1440,660,False,False,48.63,59.34
SA1,2009-07,27.36,33.22,1488,690,False,False,42.39,51.47
SA1,2009-08,22.76,29.21,1488,630,False,False,35.15,45.11
SA1,2009-09,26.24,33.51,1440,660,False,False,40.4,51.59
SA1,2009-10,27.98,35.31,1488,660,False,False,43.0,54.27
SA1,2009-11,197.21,418.99,1440,630,False,False,302.54,642.77
SA1,2009-12,23.83,29.75,1488,690,False,False,36.49,45.56
SA1,2010-01,97.37,190.57,1488,630,False,False,148.65,290.93
SA1,2010-02,132.04,267.21,1344,600,False,False,200.95,406.67
SA1,2010-03,23.58,27.63,1488,690,False,False,35.78,41.92
SA1,2010-04,29.56,36.87,1440,660,False,False,44.76,55.83
SA1,2010-05,29.98,34.27,1488,630,False,False,45.3,51.79
SA1,2010-06,35.43,40.33,1440,660,False,False,53.43,60.82
SA1,2010-07,29.28,32.6,1488,660,False,False,44.05,49.05
SA1,2010-08,25.97,31.21,1488,660,False,False,38.98,46.84
SA1,2010-09,25.08,31.03,1440,660,False,False,37.55,46.46
SA1,2010-10,22.22,35.53,1488,630,False,False,33.23,53.13
SA1,2010-11,22.57,30.93,1440,660,False,False,33.71,46.19
SA1,2010-12,17.59,21.64,1488,690,False,False,26.24,32.28
SA1,2011-01,103.12,208.38,1488,630,False,False,153.02,309.21
SA1,2011-02,29.98,38.34,1344,600,False,False,44.26,56.6
SA1,2011-03,22.37,27.5,1488,690,False,False,32.86,40.39
SA1,2011-04,27.27,29.82,1440,630,False,False,39.93,43.67
SA1,2011-05,33.59,38.76,1488,660,False,False,49.04,56.58
SA1,2011-06,30.83,37.31,1440,660,False,False,44.87,54.3
SA1,2011-07,33.12,42.39,1488,630,False,False,48.11,61.57
SA1,2011-08,34.46,38.44,1488,690,False,False,49.95,55.72
SA1,2011-09,37.97,44.12,1440,660,False,False,54.93,63.83
SA1,2011-10,40.29,52.46,1488,630,False,False,58.29,75.9
SA1,2011-11,30.68,35.82,1440,660,False,False,44.39,51.82
SA1,2011-12,23.77,27.64,1488,660,False,False,34.39,39.99
SA1,2012-01,25.62,31.12,1488,660,False,False,37.06,45.02
SA1,2012-02,27.15,31.06,1392,630,False,False,39.27,44.92
SA1,2012-03,25.74,29.6,1488,660,False,False,37.22,42.8
SA1,2012-04,29.11,29.99,1440,630,False,False,42.02,43.29
SA1,2012-05,29.1,32.16,1488,690,False,False,41.93,46.34
SA1,2012-06,26.19,42.59,1440,630,False,False,37.67,61.27
SA1,2012-07,79.73,97.23,1488,660,True,False,114.17,139.23
SA1,2012-08,63.32,65.08,1488,690,True,False,90.27,92.77
SA1,2012-09,53.8,61.09,1440,600,True,False,76.35,86.7
SA1,2012-10,50.96,55.05,1488,690,True,False,72.26,78.06
SA1,2012-11,65.24,78.5,1440,660,True,False,92.43,111.21
SA1,2012-12,53.41,60.95,1488,630,True,False,75.6,86.28
SA1,2013-01,59.12,74.05,1488,690,True,False,83.59,104.7
SA1,2013-02,58.53,63.97,1344,600,True,False,82.67,90.35
SA1,2013-03,57.66,67.98,1488,630,True,False,81.35,95.9
SA1,2013-04,76.89,92.58,1440,660,True,False,108.34,130.44
SA1,2013-05,108.75,137.04,1488,690,True,False,153.03,192.84
SA1,2013-06,109.31,161.64,1440,600,True,False,153.63,227.17
SA1,2013-07,69.65,80.35,1488,690,True,False,97.49,112.47
SA1,2013-08,71.24,82.62,1488,660,True,False,99.32,115.18
SA1,2013-09,61.3,73.02,1440,630,True,False,85.12,101.39
SA1,2013-10,57.45,64.76,1488,690,True,False,79.58,89.7
SA1,2013-11,49.81,54.57,1440,630,True,False,68.83,75.41
SA1,2013-12,79.57,119.0,1488,660,True,False,109.69,164.05
SA1,2014-01,88.87,137.47,1488,690,True,False,122.27,189.14
SA1,2014-02,57.48,59.75,1344,600,True,False,78.93,82.05
SA1,2014-03,49.17,55.71,1488,630,True,False,67.39,76.35
SA1,2014-04,48.14,51.23,1440,660,True,False,65.86,70.09
SA1,2014-05,51.98,58.5,1488,660,True,False,71.0,79.9
SA1,2014-06,54.42,59.79,1440,630,True,False,74.21,81.53
SA1,2014-07,51.76,60.81,1488,690,False,False,70.48,82.8
SA1,2014-08,41.66,50.71,1488,630,False,False,56.65,68.95
SA1,2014-09,41.06,49.36,1440,660,False,False,55.75,67.02
SA1,2014-10,32.02,34.86,1488,690,False,False,43.45,47.31
SA1,2014-11,32.72,35.52,1440,600,False,False,44.37,48.17
SA1,2014-12,28.64,31.78,1488,690,False,False,38.82,43.07
SA1,2015-01,34.68,47.98,1488,660,False,False,46.97,64.99
SA1,2015-02,44.85,49.24,1344,600,False,False,60.71,66.65
SA1,2015-03,28.54,34.48,1488,660,False,False,38.61,46.64
SA1,2015-04,39.95,49.75,1440,660,False,False,53.91,67.14
SA1,2015-05,38.02,43.01,1488,630,False,False,51.19,57.91
SA1,2015-06,58.61,87.84,1440,660,False,False,78.72,117.98
SA1,2015-07,73.51,105.03,1488,690,False,False,98.61,140.89
SA1,2015-08,60.7,64.77,1488,630,False,False,81.32,86.77
SA1,2015-09,59.07,72.77,1440,660,False,False,79.03,97.36
SA1,2015-10,41.1,51.88,1488,660,False,False,54.92,69.32
SA1,2015-11,48.88,63.99,1440,630,False,False,65.23,85.4
SA1,2015-12,66.83,97.42,1488,690,False,False,89.07,129.84
SA1,2016-01,50.26,71.81,1488,630,False,False,67.03,95.77
SA1,2016-02,40.72,53.34,1392,630,False,False,54.34,71.19
SA1,2016-03,55.33,73.59,1488,690,False,False,73.89,98.28
SA1,2016-04,49.57,63.34,1440,630,False,False,66.1,84.46
SA1,2016-05,70.7,101.4,1488,660,False,False,94.14,135.02
SA1,2016-06,123.1,162.44,1440,660,False,False,163.68,215.98
SA1,2016-07,229.39,376.22,1488,630,False,False,304.29,499.06
SA1,2016-08,66.24,86.52,1488,690,False,False,87.66,114.5
SA1,2016-09,59.85,70.71,1440,660,False,False,79.02,93.36
SA1,2016-10,59.26,71.86,1488,630,False,False,78.11,94.71
SA1,2016-11,61.89,81.74,1440,660,False,False,81.43,107.55
SA1,2016-12,97.3,92.59,1488,660,False,False,127.8,121.61
SA1,2017-01,84.26,102.67,1488,660,False,False,110.5,134.64
SA1,2017-02,179.85,298.82,1344,600,False,False,235.5,391.28
SA1,2017-03,122.4,164.54,1488,690,False,False,160.03,215.13
SA1,2017-04,119.69,140.44,1440,600,False,False,156.39,183.5
SA1,2017-05,119.15,134.58,1488,690,False,False,155.58,175.73
SA1,2017-06,108.83,113.03,1440,660,False,False,142.01,147.49
SA1,2017-07,113.48,127.48,1488,630,False,False,147.78,166.01
SA1,2017-08,105.38,126.76,1488,690,False,False,136.95,164.74
SA1,2017-09,73.59,80.16,1440,630,False,False,95.44,103.96
SA1,2017-10,69.36,76.89,1488,660,False,False,89.76,99.5
SA1,2017-11,90.72,110.15,1440,660,False,False,117.14,142.22
SA1,2017-12,83.51,93.62,1488,630,False,False,107.59,120.61
SA1,2018-01,158.76,231.26,1488,690,False,False,204.23,297.5
SA1,2018-02,109.17,143.22,1344,600,False,False,140.24,183.97
SA1,2018-03,80.7,89.47,1488,660,False,False,103.51,114.76
SA1,2018-04,98.37,134.3,1440,630,False,False,126.03,172.06
SA1,2018-05,88.51,105.82,1488,690,False,False,113.26,135.41
SA1,2018-06,105.92,125.64,1440,630,False,False,135.38,160.58
SA1,2018-07,105.77,147.26,1488,660,False,False,134.99,187.95
SA1,2018-08,72.31,89.47,1488,690,False,False,92.16,114.02
SA1,2018-09,90.6,102.55,1440,600,False,False,115.3,130.51
SA1,2018-10,98.12,105.22,1488,690,False,False,124.65,133.67
SA1,2018-11,98.77,102.27,1440,660,False,False,125.26,129.7
SA1,2018-12,92.38,111.5,1488,630,False,False,116.96,141.16
SA1,2019-01,241.02,407.47,1488,690,False,False,305.15,515.89
SA1,2019-02,110.73,117.28,1344,600,False,False,140.2,148.49
SA1,2019-03,131.6,175.2,1488,630,False,False,166.63,221.84
SA1,2019-04,93.84,97.14,1440,660,False,False,118.58,122.75
SA1,2019-05,84.86,92.58,1488,690,False,False,107.03,116.76
SA1,2019-06,95.7,113.86,1440,600,False,False,120.46,143.32
SA1,2019-07,73.93,92.32,1488,690,False,False,92.88,115.99
SA1,2019-08,78.78,99.59,1488,660,False,False,98.79,124.89
SA1,2019-09,72.95,81.1,1440,630,False,False,91.31,101.51
SA1,2019-10,67.34,69.07,1488,690,False,False,84.09,86.25
SA1,2019-11,50.86,34.58,1440,630,False,False,63.37,43.09
SA1,2019-12,84.03,123.62,1488,660,False,False,104.46,153.67
SA1,2020-01,83.2,124.39,1488,690,False,False,103.3,154.44
SA1,2020-02,64.18,75.56,1392,600,False,False,79.59,93.7
SA1,2020-03,46.95,64.53,1488,660,False,False,58.15,79.92
SA1,2020-04,33.5,40.07,1440,660,False,False,41.76,49.95
SA1,2020-05,37.26,44.77,1488,630,False,False,46.75,56.17
SA1,2020-06,50.27,64.04,1440,660,False,False,63.48,80.87
SA1,2020-07,59.33,68.85,1488,690,False,False,74.54,86.5
SA1,2020-08,45.57,56.61,1488,630,False,False,56.96,70.76
SA1,2020-09,15.21,7.52,1440,660,False,False,18.91,9.35
SA1,2020-10,32.97,40.23,1488,660,False,False,40.88,49.88
SA1,2020-11,36.72,37.9,1440,630,False,False,45.39,46.85
SA1,2020-12,16.78,10.26,1488,690,False,False,20.68,12.64
SA1,2021-01,28.7,12.41,1488,630,False,False,35.3,15.27
SA1,2021-02,22.49,25.88,1344,600,False,False,27.61,31.77
SA1,2021-03,68.77,82.07,1488,690,False,False,84.27,100.57
SA1,2021-04,52.14,62.15,1440,660,False,False,63.73,75.97
SA1,2021-05,72.99,111.31,1488,630,False,False,89.0,135.73
SA1,2021-06,84.39,96.96,1440,660,False,False,102.66,117.95
SA1,2021-07,91.19,117.5,1488,660,False,False,110.61,142.53
SA1,2021-08,43.44,46.43,1488,660,False,False,52.54,56.16
SA1,2021-09,18.77,18.34,1440,660,False,False,22.64,22.12
SA1,2021-10,14.54,9.65,8928,3780,False,False,17.46,11.59
SA1,2021-11,37.69,43.67,8640,3960,False,False,45.08,52.23
SA1,2021-12,70.32,93.66,8928,4140,False,False,83.75,111.55
SA1,2022-01,88.94,120.28,8928,3780,False,False,105.17,142.23
SA1,2022-02,54.22,44.11,8064,3600,False,False,63.66,51.79
SA1,2022-03,67.0,68.09,8928,4140,False,False,78.11,79.38
SA1,2022-04,152.36,168.67,8640,3780,False,False,176.57,195.48
SA1,2022-05,312.3,403.15,8928,3960,False,False,359.8,464.46
SA1,2022-06,302.59,349.33,8640,3960,False,False,346.57,400.1
SA1,2022-07,372.49,489.22,8928,3780,False,False,424.03,556.91
SA1,2022-08,173.04,226.62,8928,4140,False,False,195.79,256.41
SA1,2022-09,147.84,137.68,8640,3960,False,False,166.27,154.84
SA1,2022-10,93.49,68.95,8928,3780,False,False,104.5,77.07
SA1,2022-11,62.51,55.1,8640,3960,False,False,69.45,61.21
SA1,2022-12,35.43,14.86,8928,3960,False,False,39.12,16.41
SA1,2023-01,57.2,41.16,8928,3960,False,False,62.88,45.25
SA1,2023-02,97.05,130.19,8064,3600,False,False,106.21,142.47
SA1,2023-03,64.92,54.46,8928,4140,False,False,70.73,59.33
SA1,2023-04,85.02,81.17,8640,3600,False,False,92.36,88.18
SA1,2023-05,198.29,236.79,8928,4140,False,False,214.81,256.51
SA1,2023-06,85.59,125.95,8640,3960,False,False,92.46,136.05
SA1,2023-07,72.76,94.96,8928,3780,False,False,78.3,102.19
SA1,2023-08,160.26,216.23,8928,4140,False,False,171.8,231.8
SA1,2023-09,41.32,34.35,8640,3780,False,False,44.13,36.68
SA1,2023-10,15.12,9.57,8928,3960,False,False,16.11,10.2
SA1,2023-11,44.92,48.53,8640,3960,False,False,47.77,51.61
SA1,2023-12,38.03,45.54,8928,3780,False,False,40.36,48.33
SA1,2024-01,32.74,23.49,8928,4140,False,False,34.64,24.85
SA1,2024-02,66.07,74.74,8352,3780,False,False,69.68,78.83
SA1,2024-03,67.13,70.24,8928,3780,False,False,70.58,73.85
SA1,2024-04,92.5,81.99,8640,3960,False,False,96.92,85.91
SA1,2024-05,135.71,143.45,8928,4140,False,False,141.7,149.79
SA1,2024-06,176.68,212.87,8640,3600,False,False,183.85,221.5
SA1,2024-07,241.22,295.38,8928,4140,False,False,250.82,307.14
SA1,2024-08,149.52,219.7,8928,3960,False,False,155.36,228.28
SA1,2024-09,80.29,144.76,8640,3780,False,False,83.36,150.3
SA1,2024-10,35.24,29.04,8928,4140,False,False,36.57,30.13
SA1,2024-11,60.91,49.02,8640,3780,False,False,63.16,50.83
SA1,2024-12,61.47,47.42,8928,3960,False,False,63.7,49.14
SA1,2025-01,48.22,8.76,8928,4140,False,False,49.82,9.05
SA1,2025-02,91.34,87.75,8064,3600,False,False,94.08,90.38
SA1,2025-03,61.79,55.45,8928,3780,False,False,63.45,56.94
SA1,2025-04,88.82,82.23,8640,3960,False,False,90.98,84.23
SA1,2025-05,83.31,93.44,8928,3960,False,False,85.12,95.47
SA1,2025-06,250.4,424.64,8640,3780,False,False,255.21,432.79
SA1,2025-07,164.95,223.67,8928,4140,False,False,167.38,226.97
SA1,2025-08,86.86,84.67,8928,3780,False,False,87.76,85.54
SA1,2025-09,57.6,57.7,8640,3960,False,False,57.94,58.04
SA1,2025-10,50.17,40.14,8928,4140,False,False,50.37,40.3
SA1,2025-11,32.48,9.94,8640,3600,False,False,32.54,9.96
SA1,2025-12,27.92,-0.41,8928,4140,False,False,27.92,-0.41
SA1,2026-01,152.25,250.71,8928,3960,False,True,152.25,250.71
SA1,2026-02,56.0,34.52,8064,3600,False,True,56.0,34.52
SA1,2026-03,43.95,35.84,5184,2340,False,True,43.95,35.84
TAS1,2005-05,306.87,392.08,741,346,False,False,537.86,687.21
TAS1,2005-06,78.63,86.38,1440,660,False,False,137.54,151.1
TAS1,2005-07,112.34,115.44,1488,630,False,False,195.86,201.27
TAS1,2005-08,107.2,141.07,1488,690,False,False,186.29,245.14
TAS1,2005-09,69.35,78.06,1440,660,False,False,120.12,135.2
TAS1,2005-10,82.38,102.26,1488,630,False,False,142.44,176.81
TAS1,2005-11,57.64,59.27,1440,660,False,False,99.49,102.3
TAS1,2005-12,42.82,47.0,1488,660,False,False,73.78,80.99
TAS1,2006-01,36.9,40.37,1488,660,False,False,63.4,69.36
TAS1,2006-02,32.44,35.76,1344,600,False,False,55.58,61.27
TAS1,2006-03,28.4,32.55,1488,690,False,False,48.52,55.61
TAS1,2006-04,33.36,33.84,1440,600,False,False,56.69,57.51
TAS1,2006-05,33.76,47.58,1488,690,False,False,57.07,80.44
TAS1,2006-06,41.39,51.97,1440,660,False,False,69.61,87.4
TAS1,2006-07,48.24,68.81,1488,630,False,False,80.89,115.38
TAS1,2006-08,35.17,39.83,1488,690,False,False,58.8,66.59
TAS1,2006-09,38.25,41.53,1440,630,False,False,63.76,69.23
TAS1,2006-10,34.23,36.83,1488,660,False,False,57.08,61.42
TAS1,2006-11,39.8,44.85,1440,660,False,False,66.4,74.82
TAS1,2006-12,35.17,41.08,1488,630,False,False,58.7,68.56
TAS1,2007-01,44.3,47.25,1488,690,False,False,73.91,78.84
TAS1,2007-02,52.95,67.6,1344,600,False,False,88.32,112.76
TAS1,2007-03,50.75,53.83,1488,660,False,False,84.63,89.76
TAS1,2007-04,73.08,82.19,1440,630,False,False,121.37,136.5
TAS1,2007-05,66.34,72.31,1488,690,False,False,109.73,119.6
TAS1,2007-06,77.81,79.93,1440,630,False,False,128.18,131.67
TAS1,2007-07,99.45,115.5,1488,660,False,False,163.45,189.83
TAS1,2007-08,40.7,48.82,1488,690,False,False,66.74,80.05
TAS1,2007-09,47.24,50.3,1440,600,False,False,77.29,82.29
TAS1,2007-10,34.03,38.54,1488,690,False,False,55.5,62.86
TAS1,2007-11,44.74,49.43,1440,660,False,False,72.74,80.37
TAS1,2007-12,50.96,60.54,1488,630,False,False,82.6,98.13
TAS1,2008-01,47.33,59.06,1488,690,False,False,76.38,95.31
TAS1,2008-02,56.46,67.75,1392,630,False,False,90.71,108.85
TAS1,2008-03,56.17,68.79,1488,630,False,False,89.84,110.03
TAS1,2008-04,54.93,63.84,1440,660,False,False,87.44,101.62
TAS1,2008-05,67.74,69.72,1488,660,False,False,107.31,110.45
TAS1,2008-06,55.96,63.27,1440,630,False,False,88.23,99.75
TAS1,2008-07,30.36,30.26,1488,690,False,False,47.68,47.52
TAS1,2008-08,54.96,60.94,1488,630,False,False,85.98,95.34
TAS1,2008-09,43.94,53.5,1440,660,False,False,68.48,83.38
TAS1,2008-10,45.92,56.32,1488,690,False,False,71.64,87.87
TAS1,2008-11,50.7,61.31,1440,600,False,False,79.19,95.76
TAS1,2008-12,32.91,38.3,1488,690,False,False,51.46,59.89
TAS1,2009-01,78.88,119.63,1488,660,False,False,123.29,186.98
TAS1,2009-02,39.08,63.91,1344,600,False,False,61.06,99.86
TAS1,2009-03,36.48,43.73,1488,660,False,False,56.98,68.3
TAS1,2009-04,69.31,63.23,1440,660,False,False,108.07,98.59
TAS1,2009-05,46.84,50.07,1488,630,False,False,72.92,77.94
TAS1,2009-06,173.8,292.02,1440,660,False,False,270.11,453.84
TAS1,2009-07,25.89,31.68,1488,690,False,False,40.11,49.08
TAS1,2009-08,21.29,28.03,1488,630,False,False,32.88,43.29
TAS1,2009-09,21.52,27.51,1440,660,False,False,33.13,42.35
TAS1,2009-10,25.78,30.14,1488,660,False,False,39.62,46.32
TAS1,2009-11,33.7,38.11,1440,630,False,False,51.7,58.46
TAS1,2009-12,31.86,31.86,1488,690,False,False,48.79,48.79
TAS1,2010-01,29.23,32.52,1488,630,False,False,44.62,49.65
TAS1,2010-02,23.96,20.61,1344,600,False,False,36.47,31.37
TAS1,2010-03,26.2,28.67,1488,690,False,False,39.75,43.5
TAS1,2010-04,24.42,26.2,1440,660,False,False,36.98,39.67
TAS1,2010-05,56.97,40.53,1488,630,False,False,86.09,61.25
TAS1,2010-06,30.89,34.48,1440,660,False,False,46.59,52.0
TAS1,2010-07,30.2,33.99,1488,660,False,False,45.44,51.14
TAS1,2010-08,64.8,27.77,1488,660,False,False,97.26,41.68
TAS1,2010-09,20.76,23.94,1440,660,False,False,31.08,35.85
TAS1,2010-10,18.14,18.56,1488,630,False,False,27.13,27.75
TAS1,2010-11,27.1,38.48,1440,660,False,False,40.47,57.47
TAS1,2010-12,16.7,17.8,1488,690,False,False,24.91,26.55
TAS1,2011-01,25.95,28.36,1488,630,False,False,38.51,42.08
TAS1,2011-02,28.72,31.48,1344,600,False,False,42.4,46.47
TAS1,2011-03,25.83,27.22,1488,690,False,False,37.94,39.98
TAS1,2011-04,26.8,27.79,1440,630,False,False,39.24,40.69
TAS1,2011-05,38.67,40.73,1488,660,False,False,56.45,59.46
TAS1,2011-06,29.16,32.31,1440,660,False,False,42.44,47.02
TAS1,2011-07,32.59,49.12,1488,630,False,False,47.34,71.35
TAS1,2011-08,27.16,34.69,1488,690,False,False,39.37,50.29
TAS1,2011-09,26.4,29.9,1440,660,False,False,38.2,43.26
TAS1,2011-10,32.58,31.6,1488,630,False,False,47.14,45.72
TAS1,2011-11,30.75,30.44,1440,660,False,False,44.49,44.04
TAS1,2011-12,25.85,26.57,1488,660,False,False,37.4,38.44
TAS1,2012-01,39.32,34.13,1488,660,False,False,56.88,49.37
TAS1,2012-02,37.37,29.92,1392,630,False,False,54.05,43.27
TAS1,2012-03,35.92,29.84,1488,660,False,False,51.94,43.15
TAS1,2012-04,35.96,42.04,1440,630,False,False,51.91,60.68
TAS1,2012-05,32.9,29.9,1488,690,False,False,47.41,43.08
TAS1,2012-06,34.44,38.55,1440,630,False,False,49.54,55.45
TAS1,2012-07,59.23,67.45,1488,660,True,False,84.82,96.59
TAS1,2012-08,47.22,48.6,1488,690,True,False,67.31,69.28
TAS1,2012-09,39.46,41.42,1440,600,True,False,56.0,58.78
TAS1,2012-10,43.62,44.97,1488,690,True,False,61.85,63.77
TAS1,2012-11,50.58,51.39,1440,660,True,False,71.66,72.81
TAS1,2012-12,46.7,46.41,1488,630,True,False,66.11,65.7
TAS1,2013-01,56.96,46.53,1488,690,True,False,80.54,65.79
TAS1,2013-02,45.79,46.11,1344,600,True,False,64.67,65.12
TAS1,2013-03,49.81,50.82,1488,630,True,False,70.27,71.7
TAS1,2013-04,45.12,46.73,1440,660,True,False,63.57,65.84
TAS1,2013-05,44.67,49.68,1488,690,True,False,62.86,69.91
TAS1,2013-06,49.89,51.77,1440,600,True,False,70.12,72.76
TAS1,2013-07,51.5,50.69,1488,690,True,False,72.09,70.95
TAS1,2013-08,45.87,49.44,1488,660,True,False,63.95,68.92
TAS1,2013-09,42.43,44.8,1440,630,True,False,58.91,62.21
TAS1,2013-10,38.6,41.47,1488,690,True,False,53.47,57.44
TAS1,2013-11,47.09,52.99,1440,630,True,False,65.07,73.23
TAS1,2013-12,37.6,37.58,1488,660,True,False,51.83,51.81
TAS1,2014-01,34.88,29.48,1488,690,True,False,47.99,40.56
TAS1,2014-02,43.89,43.27,1344,600,True,False,60.27,59.42
TAS1,2014-03,44.78,45.47,1488,630,True,False,61.37,62.32
TAS1,2014-04,37.68,38.57,1440,660,True,False,51.55,52.77
TAS1,2014-05,36.52,40.99,1488,660,True,False,49.88,55.99
TAS1,2014-06,43.15,44.06,1440,630,True,False,58.84,60.08
TAS1,2014-07,33.83,37.29,1488,690,False,False,46.07,50.78
TAS1,2014-08,36.34,41.88,1488,630,False,False,49.41,56.95
TAS1,2014-09,37.65,40.3,1440,660,False,False,51.12,54.72
TAS1,2014-10,34.91,32.91,1488,690,False,False,47.37,44.66
TAS1,2014-11,39.94,37.03,1440,600,False,False,54.17,50.22
TAS1,2014-12,45.26,44.4,1488,690,False,False,61.34,60.18
TAS1,2015-01,35.08,36.8,1488,660,False,False,47.51,49.84
TAS1,2015-02,42.54,41.1,1344,600,False,False,57.58,55.63
TAS1,2015-03,39.77,39.98,1488,660,False,False,53.8,54.08
TAS1,2015-04,40.64,38.37,1440,660,False,False,54.85,51.78
TAS1,2015-05,28.3,37.02,1488,630,False,False,38.1,49.84
TAS1,2015-06,32.25,37.68,1440,660,False,False,43.32,50.61
TAS1,2015-07,34.9,39.11,1488,690,False,False,46.82,52.46
TAS1,2015-08,31.89,38.28,1488,630,False,False,42.72,51.28
TAS1,2015-09,46.02,48.78,1440,660,False,False,61.57,65.27
TAS1,2015-10,59.22,60.34,1488,660,False,False,79.13,80.63
TAS1,2015-11,83.73,85.88,1440,630,False,False,111.74,114.61
TAS1,2015-12,96.1,97.17,1488,690,False,False,128.08,129.51
TAS1,2016-01,112.73,114.3,1488,630,False,False,150.35,152.44
TAS1,2016-02,165.67,164.0,1392,630,False,False,221.1,218.87
TAS1,2016-03,252.37,256.22,1488,690,False,False,337.03,342.17
TAS1,2016-04,236.85,236.68,1440,630,False,False,315.84,315.62
TAS1,2016-05,45.45,57.34,1488,660,False,False,60.52,76.35
TAS1,2016-06,72.5,100.06,1440,660,False,False,96.4,133.04
TAS1,2016-07,67.92,97.12,1488,630,False,False,90.1,128.83
TAS1,2016-08,43.68,58.34,1488,690,False,False,57.81,77.21
TAS1,2016-09,46.18,52.77,1440,660,False,False,60.97,69.67
TAS1,2016-10,33.22,42.16,1488,630,False,False,43.79,55.57
TAS1,2016-11,37.58,52.68,1440,660,False,False,49.45,69.31
TAS1,2016-12,41.3,46.61,1488,660,False,False,54.24,61.22
TAS1,2017-01,86.11,91.35,1488,660,False,False,112.93,119.8
TAS1,2017-02,94.38,104.02,1344,600,False,False,123.58,136.21
TAS1,2017-03,113.81,117.62,1488,690,False,False,148.8,153.78
TAS1,2017-04,131.25,128.93,1440,600,False,False,171.49,168.46
TAS1,2017-05,107.94,118.62,1488,690,False,False,140.94,154.89
TAS1,2017-06,103.84,109.77,1440,660,False,False,135.5,143.24
TAS1,2017-07,116.03,126.14,1488,630,False,False,151.1,164.26
TAS1,2017-08,97.21,110.94,1488,690,False,False,126.33,144.18
TAS1,2017-09,73.58,82.05,1440,630,False,False,95.43,106.42
TAS1,2017-10,68.66,75.56,1488,660,False,False,88.85,97.78
TAS1,2017-11,94.03,105.59,1440,660,False,False,121.41,136.34
TAS1,2017-12,90.96,106.82,1488,630,False,False,117.18,137.62
TAS1,2018-01,98.97,95.51,1488,690,False,False,127.32,122.87
TAS1,2018-02,89.27,89.35,1344,600,False,False,114.67,114.78
TAS1,2018-03,83.52,86.02,1488,660,False,False,107.13,110.34
TAS1,2018-04,80.71,80.12,1440,630,False,False,103.4,102.65
TAS1,2018-05,76.56,79.66,1488,690,False,False,97.97,101.94
TAS1,2018-06,73.59,81.06,1440,630,False,False,94.06,103.6
TAS1,2018-07,44.85,50.01,1488,660,False,False,57.24,63.83
TAS1,2018-08,25.03,31.66,1488,690,False,False,31.9,40.35
TAS1,2018-09,60.86,75.48,1440,600,False,False,77.45,96.06
TAS1,2018-10,95.37,102.32,1488,690,False,False,121.16,129.99
TAS1,2018-11,85.6,88.54,1440,660,False,False,108.56,112.29
TAS1,2018-12,72.13,71.18,1488,630,False,False,91.32,90.12
TAS1,2019-01,147.91,163.88,1488,690,False,False,187.27,207.49
TAS1,2019-02,134.79,133.69,1344,600,False,False,170.66,169.27
TAS1,2019-03,123.43,115.58,1488,630,False,False,156.29,146.35
TAS1,2019-04,104.72,109.29,1440,660,False,False,132.33,138.11
TAS1,2019-05,92.55,102.33,1488,690,False,False,116.72,129.06
TAS1,2019-06,96.8,109.49,1440,600,False,False,121.84,137.82
TAS1,2019-07,74.77,89.78,1488,690,False,False,93.94,112.8
TAS1,2019-08,70.04,81.81,1488,660,False,False,87.83,102.59
TAS1,2019-09,57.62,63.98,1440,630,False,False,72.12,80.08
TAS1,2019-10,107.68,106.88,1488,690,False,False,134.47,133.47
TAS1,2019-11,68.29,77.56,1440,630,False,False,85.09,96.64
TAS1,2019-12,52.18,50.23,1488,660,False,False,64.87,62.44
TAS1,2020-01,56.84,49.85,1488,690,False,False,70.57,61.89
TAS1,2020-02,39.1,38.9,1392,600,False,False,48.49,48.24
TAS1,2020-03,37.37,35.52,1488,660,False,False,46.28,43.99
TAS1,2020-04,23.37,24.48,1440,660,False,False,29.13,30.51
TAS1,2020-05,34.77,41.19,1488,630,False,False,43.62,51.68
TAS1,2020-06,36.41,39.42,1440,660,False,False,45.98,49.78
TAS1,2020-07,56.6,57.55,1488,690,False,False,71.11,72.3
TAS1,2020-08,55.75,56.78,1488,630,False,False,69.68,70.97
TAS1,2020-09,37.52,39.19,1440,660,False,False,46.66,48.74
TAS1,2020-10,41.51,42.32,1488,660,False,False,51.47,52.47
TAS1,2020-11,59.37,57.44,1440,630,False,False,73.39,71.0
TAS1,2020-12,36.86,43.49,1488,690,False,False,45.43,53.6
TAS1,2021-01,37.81,40.16,1488,630,False,False,46.51,49.4
TAS1,2021-02,31.99,36.94,1344,600,False,False,39.27,45.35
TAS1,2021-03,30.78,31.99,1488,690,False,False,37.72,39.2
TAS1,2021-04,25.34,28.96,1440,660,False,False,30.97,35.4
TAS1,2021-05,41.25,45.01,1488,630,False,False,50.3,54.89
TAS1,2021-06,68.88,77.88,1440,660,False,False,83.79,94.74
TAS1,2021-07,38.15,43.06,1488,660,False,False,46.28,52.23
TAS1,2021-08,21.46,25.45,1488,660,False,False,25.96,30.78
TAS1,2021-09,16.52,22.15,1440,660,False,False,19.93,26.72
TAS1,2021-10,9.38,9.77,8928,3780,False,False,11.27,11.73
TAS1,2021-11,31.76,33.57,8640,3960,False,False,37.99,40.15
TAS1,2021-12,49.85,50.76,8928,4140,False,False,59.37,60.46
TAS1,2022-01,62.54,66.85,8928,3780,False,False,73.95,79.05
TAS1,2022-02,72.21,78.13,8064,3600,False,False,84.78,91.73
TAS1,2022-03,74.83,78.79,8928,4140,False,False,87.24,91.86
TAS1,2022-04,141.27,165.0,8640,3780,False,False,163.72,191.22
TAS1,2022-05,217.19,241.96,8928,3960,False,False,250.22,278.76
TAS1,2022-06,286.75,382.49,8640,3960,False,False,328.43,438.08
TAS1,2022-07,322.84,366.3,8928,3780,False,False,367.51,416.98
TAS1,2022-08,149.51,169.69,8928,4140,False,False,169.17,192.0
TAS1,2022-09,132.74,150.78,8640,3960,False,False,149.29,169.58
TAS1,2022-10,122.0,126.75,8928,3780,False,False,136.37,141.68
TAS1,2022-11,100.98,114.81,8640,3960,False,False,112.19,127.55
TAS1,2022-12,76.36,67.38,8928,3960,False,False,84.32,74.4
TAS1,2023-01,86.86,81.12,8928,3960,False,False,95.48,89.17
TAS1,2023-02,81.53,76.66,8064,3600,False,False,89.22,83.89
TAS1,2023-03,72.35,68.13,8928,4140,False,False,78.82,74.23
TAS1,2023-04,70.03,70.95,8640,3600,False,False,76.08,77.08
TAS1,2023-05,84.16,86.54,8928,4140,False,False,91.17,93.75
TAS1,2023-06,38.04,52.33,8640,3960,False,False,41.09,56.53
TAS1,2023-07,23.32,32.72,8928,3780,False,False,25.09,35.21
TAS1,2023-08,37.65,37.93,8928,4140,False,False,40.36,40.66
TAS1,2023-09,26.71,24.88,8640,3780,False,False,28.52,26.57
TAS1,2023-10,37.66,36.02,8928,3960,False,False,40.13,38.39
TAS1,2023-11,59.97,57.48,8640,3960,False,False,63.78,61.13
TAS1,2023-12,52.09,49.05,8928,3780,False,False,55.28,52.05
TAS1,2024-01,50.12,49.55,8928,4140,False,False,53.03,52.42
TAS1,2024-02,81.86,110.19,8352,3780,False,False,86.34,116.22
TAS1,2024-03,69.65,67.51,8928,3780,False,False,73.23,70.98
TAS1,2024-04,73.35,70.58,8640,3960,False,False,76.86,73.95
TAS1,2024-05,141.03,145.64,8928,4140,False,False,147.26,152.07
TAS1,2024-06,178.25,212.93,8640,3600,False,False,185.48,221.57
TAS1,2024-07,180.76,215.63,8928,4140,False,False,187.95,224.21
TAS1,2024-08,128.69,156.24,8928,3960,False,False,133.71,162.34
TAS1,2024-09,22.51,31.25,8640,3780,False,False,23.37,32.45
TAS1,2024-10,49.8,52.52,8928,4140,False,False,51.67,54.5
TAS1,2024-11,95.86,96.58,8640,3780,False,False,99.4,100.15
TAS1,2024-12,76.11,68.48,8928,3960,False,False,78.87,70.96
TAS1,2025-01,113.63,109.08,8928,4140,False,False,117.39,112.69
TAS1,2025-02,121.69,125.01,8064,3600,False,False,125.33,128.75
TAS1,2025-03,100.04,100.83,8928,3780,False,False,102.72,103.53
TAS1,2025-04,100.53,98.58,8640,3960,False,False,102.97,100.97
TAS1,2025-05,103.39,113.37,8928,3960,False,False,105.64,115.83
TAS1,2025-06,219.34,327.99,8640,3780,False,False,223.55,334.29
TAS1,2025-07,117.85,130.45,8928,4140,False,False,119.59,132.37
TAS1,2025-08,125.22,133.56,8928,3780,False,False,126.51,134.94
TAS1,2025-09,28.63,36.24,8640,3960,False,False,28.8,36.45
TAS1,2025-10,24.55,26.88,8928,4140,False,False,24.65,26.99
TAS1,2025-11,40.51,34.34,8640,3600,False,False,40.59,34.41
TAS1,2025-12,59.34,55.6,8928,4140,False,False,59.34,55.6
TAS1,2026-01,100.93,114.88,8928,3960,False,True,100.93,114.88
TAS1,2026-02,90.28,87.56,8064,3600,False,True,90.28,87.56
TAS1,2026-03,88.24,88.52,5184,2340,False,True,88.24,88.52
VIC1,2003-07,25.62,32.99,1488,690,False,False,46.97,60.48
VIC1,2003-08,20.15,23.45,1488,630,False,False,36.87,42.91
VIC1,2003-09,20.73,25.19,1440,660,False,False,37.86,46.01
VIC1,2003-10,20.74,25.19,1488,690,False,False,37.81,45.92
VIC1,2003-11,21.18,26.23,1440,600,False,False,38.55,47.74
VIC1,2003-12,24.97,34.01,1488,690,False,False,45.36,61.79
VIC1,2004-01,22.52,30.37,1488,660,False,False,40.79,55.01
VIC1,2004-02,38.62,48.76,1392,600,False,False,69.75,88.06
VIC1,2004-03,21.48,28.54,1488,690,False,False,38.68,51.39
VIC1,2004-04,29.46,36.99,1440,660,False,False,52.97,66.51
VIC1,2004-05,31.29,39.67,1488,630,False,False,56.17,71.21
VIC1,2004-06,28.63,34.73,1440,660,False,False,51.32,62.25
VIC1,2004-07,31.37,43.7,1488,660,False,False,56.15,78.22
VIC1,2004-08,22.55,27.37,1488,660,False,False,40.31,48.92
VIC1,2004-09,27.2,31.48,1440,660,False,False,48.55,56.19
VIC1,2004-10,44.88,70.45,1488,630,False,False,79.91,125.44
VIC1,2004-11,35.66,44.55,1440,660,False,False,63.33,79.12
VIC1,2004-12,27.36,33.0,1488,690,False,False,48.47,58.46
VIC1,2005-01,22.84,29.72,1488,630,False,False,40.37,52.53
VIC1,2005-02,21.83,27.43,1344,600,False,False,38.5,48.38
VIC1,2005-03,18.7,21.15,1488,690,False,False,32.91,37.22
VIC1,2005-04,30.63,37.8,1440,630,False,False,53.79,66.38
VIC1,2005-05,24.56,29.2,1488,660,False,False,43.05,51.18
VIC1,2005-06,23.54,27.29,1440,660,False,False,41.18,47.74
VIC1,2005-07,26.51,32.37,1488,630,False,False,46.22,56.44
VIC1,2005-08,30.0,40.25,1488,690,False,False,52.13,69.94
VIC1,2005-09,29.14,37.44,1440,660,False,False,50.47,64.85
VIC1,2005-10,22.64,28.49,1488,630,False,False,39.15,49.26
VIC1,2005-11,30.7,46.39,1440,660,False,False,52.99,80.07
VIC1,2005-12,34.24,49.23,1488,660,False,False,59.0,84.83
VIC1,2006-01,53.44,88.63,1488,660,False,False,91.82,152.28
VIC1,2006-02,56.0,105.51,1344,600,False,False,95.95,180.77
VIC1,2006-03,23.36,29.33,1488,690,False,False,39.91,50.11
VIC1,2006-04,22.59,27.86,1440,600,False,False,38.39,47.35
VIC1,2006-05,28.25,37.94,1488,690,False,False,47.76,64.14
VIC1,2006-06,34.61,42.49,1440,660,False,False,58.21,71.46
VIC1,2006-07,47.2,71.86,1488,630,False,False,79.15,120.5
VIC1,2006-08,32.21,39.11,1488,690,False,False,53.85,65.39
VIC1,2006-09,30.8,38.91,1440,630,False,False,51.34,64.86
VIC1,2006-10,27.66,34.69,1488,660,False,False,46.13,57.85
VIC1,2006-11,32.71,42.78,1440,660,False,False,54.57,71.37
VIC1,2006-12,22.28,28.32,1488,630,False,False,37.18,47.26
VIC1,2007-01,91.46,165.37,1488,690,False,False,152.6,275.92
VIC1,2007-02,47.44,69.13,1344,600,False,False,79.13,115.31
VIC1,2007-03,53.28,74.85,1488,660,False,False,88.85,124.82
VIC1,2007-04,67.76,81.62,1440,630,False,False,112.53,135.55
VIC1,2007-05,62.64,75.49,1488,690,False,False,103.61,124.86
VIC1,2007-06,143.28,218.05,1440,630,False,False,236.02,359.19
VIC1,2007-07,85.55,115.22,1488,660,False,False,140.6,189.37
VIC1,2007-08,41.73,50.83,1488,690,False,False,68.43,83.35
VIC1,2007-09,44.58,55.04,1440,600,False,False,72.93,90.05
VIC1,2007-10,35.51,45.32,1488,690,False,False,57.92,73.91
VIC1,2007-11,42.73,54.55,1440,660,False,False,69.48,88.69
VIC1,2007-12,44.79,62.08,1488,630,False,False,72.6,100.63
VIC1,2008-01,40.37,55.11,1488,690,False,False,65.15,88.93
VIC1,2008-02,36.88,52.11,1392,630,False,False,59.25,83.72
VIC1,2008-03,52.14,84.57,1488,630,False,False,83.4,135.27
VIC1,2008-04,39.86,50.14,1440,660,False,False,63.45,79.81
VIC1,2008-05,54.03,64.59,1488,660,False,False,85.59,102.32
VIC1,2008-06,42.04,52.09,1440,630,False,False,66.28,82.13
VIC1,2008-07,43.04,60.12,1488,690,False,False,67.6,94.42
VIC1,2008-08,40.91,50.92,1488,630,False,False,64.0,79.66
VIC1,2008-09,36.62,47.77,1440,660,False,False,57.07,74.45
VIC1,2008-10,39.37,51.76,1488,690,False,False,61.42,80.76
VIC1,2008-11,34.56,45.33,1440,600,False,False,53.98,70.8
VIC1,2008-12,22.49,27.82,1488,690,False,False,35.17,43.5
VIC1,2009-01,125.54,248.2,1488,660,False,False,196.22,387.94
VIC1,2009-02,33.4,44.74,1344,600,False,False,52.19,69.9
VIC1,2009-03,25.27,32.56,1488,660,False,False,39.47,50.86
VIC1,2009-04,37.3,49.27,1440,660,False,False,58.16,76.83
VIC1,2009-05,31.45,37.87,1488,630,False,False,48.96,58.95
VIC1,2009-06,30.07,37.13,1440,660,False,False,46.73,57.71
VIC1,2009-07,26.84,32.55,1488,690,False,False,41.58,50.43
VIC1,2009-08,22.44,28.02,1488,630,False,False,34.66,43.27
VIC1,2009-09,22.94,27.43,1440,660,False,False,35.32,42.23
VIC1,2009-10,25.56,31.55,1488,660,False,False,39.28,48.49
VIC1,2009-11,32.43,44.98,1440,630,False,False,49.75,69.0
VIC1,2009-12,23.51,29.49,1488,690,False,False,36.0,45.16
VIC1,2010-01,60.95,114.74,1488,630,False,False,93.05,175.17
VIC1,2010-02,67.91,124.09,1344,600,False,False,103.35,188.86
VIC1,2010-03,22.86,27.11,1488,690,False,False,34.68,41.13
VIC1,2010-04,71.56,131.25,1440,660,False,False,108.36,198.74
VIC1,2010-05,30.49,34.97,1488,630,False,False,46.07,52.84
VIC1,2010-06,31.4,36.19,1440,660,False,False,47.35,54.58
VIC1,2010-07,26.65,30.36,1488,660,False,False,40.09,45.68
VIC1,2010-08,27.05,30.73,1488,660,False,False,40.6,46.12
VIC1,2010-09,22.12,24.89,1440,660,False,False,33.12,37.27
VIC1,2010-10,20.82,24.65,1488,630,False,False,31.13,36.86
VIC1,2010-11,18.42,21.04,1440,660,False,False,27.51,31.42
VIC1,2010-12,16.52,18.96,1488,690,False,False,24.64,28.28
VIC1,2011-01,41.07,66.16,1488,630,False,False,60.94,98.17
VIC1,2011-02,40.46,59.69,1344,600,False,False,59.73,88.12
VIC1,2011-03,24.96,28.62,1488,690,False,False,36.66,42.04
VIC1,2011-04,25.6,28.26,1440,630,False,False,37.49,41.38
VIC1,2011-05,34.35,40.58,1488,660,False,False,50.15,59.24
VIC1,2011-06,27.92,33.89,1440,660,False,False,40.63,49.32
VIC1,2011-07,29.49,37.84,1488,630,False,False,42.83,54.96
VIC1,2011-08,29.95,35.44,1488,690,False,False,43.42,51.38
VIC1,2011-09,26.98,31.61,1440,660,False,False,39.03,45.73
VIC1,2011-10,23.61,29.0,1488,630,False,False,34.16,41.96
VIC1,2011-11,26.58,30.77,1440,660,False,False,38.46,44.52
VIC1,2011-12,22.18,25.62,1488,660,False,False,32.09,37.07
VIC1,2012-01,24.03,29.13,1488,660,False,False,34.76,42.14
VIC1,2012-02,25.85,30.01,1392,630,False,False,37.38,43.4
VIC1,2012-03,23.7,27.89,1488,660,False,False,34.27,40.33
VIC1,2012-04,32.01,36.3,1440,630,False,False,46.2,52.4
VIC1,2012-05,26.58,30.09,1488,690,False,False,38.3,43.36
VIC1,2012-06,36.75,42.66,1440,630,False,False,52.86,61.37
VIC1,2012-07,73.46,90.05,1488,660,True,False,105.19,128.95
VIC1,2012-08,55.76,58.79,1488,690,True,False,79.49,83.81
VIC1,2012-09,53.48,60.96,1440,600,True,False,75.9,86.51
VIC1,2012-10,51.27,55.0,1488,690,True,False,72.7,77.99
VIC1,2012-11,77.18,108.73,1440,660,True,False,109.34,154.04
VIC1,2012-12,52.18,58.92,1488,630,True,False,73.86,83.4
VIC1,2013-01,54.27,65.31,1488,690,True,False,76.74,92.35
VIC1,2013-02,53.59,59.78,1344,600,True,False,75.69,84.43
VIC1,2013-03,52.31,60.03,1488,630,True,False,73.8,84.69
VIC1,2013-04,50.02,53.46,1440,660,True,False,70.48,75.32
VIC1,2013-05,54.85,61.01,1488,690,True,False,77.19,85.85
VIC1,2013-06,60.9,70.51,1440,600,True,False,85.59,99.1
VIC1,2013-07,58.35,62.4,1488,690,True,False,81.68,87.34
VIC1,2013-08,54.12,57.79,1488,660,True,False,75.45,80.57
VIC1,2013-09,49.25,52.11,1440,630,True,False,68.38,72.36
VIC1,2013-10,49.47,51.91,1488,690,True,False,68.53,71.91
VIC1,2013-11,46.76,49.47,1440,630,True,False,64.62,68.36
VIC1,2013-12,50.33,57.51,1488,660,True,False,69.38,79.28
VIC1,2014-01,72.43,105.62,1488,690,True,False,99.65,145.32
VIC1,2014-02,49.25,51.64,1344,600,True,False,67.63,70.91
VIC1,2014-03,45.96,50.99,1488,630,True,False,62.99,69.88
VIC1,2014-04,43.79,46.48,1440,660,True,False,59.91,63.59
VIC1,2014-05,48.2,53.42,1488,660,True,False,65.84,72.97
VIC1,2014-06,49.17,53.9,1440,630,True,False,67.05,73.5
VIC1,2014-07,38.59,43.69,1488,690,False,False,52.55,59.49
VIC1,2014-08,34.51,40.67,1488,630,False,False,46.93,55.3
VIC1,2014-09,36.26,42.07,1440,660,False,False,49.24,57.13
VIC1,2014-10,26.59,30.63,1488,690,False,False,36.08,41.57
VIC1,2014-11,28.56,34.46,1440,600,False,False,38.73,46.73
VIC1,2014-12,26.54,31.31,1488,690,False,False,35.97,42.43
VIC1,2015-01,26.1,33.61,1488,660,False,False,35.35,45.52
VIC1,2015-02,28.03,35.21,1344,600,False,False,37.94,47.66
VIC1,2015-03,25.81,31.79,1488,660,False,False,34.91,43.0
VIC1,2015-04,28.91,35.26,1440,660,False,False,39.02,47.58
VIC1,2015-05,29.85,38.41,1488,630,False,False,40.19,51.71
VIC1,2015-06,34.41,41.52,1440,660,False,False,46.22,55.77
VIC1,2015-07,34.75,42.82,1488,690,False,False,46.61,57.44
VIC1,2015-08,35.04,42.1,1488,630,False,False,46.94,56.4
VIC1,2015-09,44.55,50.84,1440,660,False,False,59.61,68.02
VIC1,2015-10,35.63,45.47,1488,660,False,False,47.61,60.76
VIC1,2015-11,34.92,45.23,1440,630,False,False,46.6,60.36
VIC1,2015-12,48.01,62.67,1488,690,False,False,63.99,83.53
VIC1,2016-01,46.95,72.9,1488,630,False,False,62.62,97.23
VIC1,2016-02,35.42,44.52,1392,630,False,False,47.27,59.42
VIC1,2016-03,45.89,59.65,1488,690,False,False,61.28,79.66
VIC1,2016-04,45.88,61.49,1440,630,False,False,61.18,82.0
VIC1,2016-05,54.24,76.46,1488,660,False,False,72.22,101.81
VIC1,2016-06,92.77,118.54,1440,660,False,False,123.35,157.61
VIC1,2016-07,64.64,86.77,1488,630,False,False,85.75,115.1
VIC1,2016-08,43.24,55.76,1488,690,False,False,57.22,73.79
VIC1,2016-09,41.02,48.5,1440,660,False,False,54.16,64.04
VIC1,2016-10,33.18,41.02,1488,630,False,False,43.73,54.07
VIC1,2016-11,36.07,46.93,1440,660,False,False,47.46,61.75
VIC1,2016-12,29.9,37.59,1488,660,False,False,39.27,49.37
VIC1,2017-01,62.04,81.03,1488,660,False,False,81.36,106.27
VIC1,2017-02,86.05,114.18,1344,600,False,False,112.68,149.51
VIC1,2017-03,90.63,112.64,1488,690,False,False,118.49,147.27
VIC1,2017-04,108.2,123.35,1440,600,False,False,141.37,161.17
VIC1,2017-05,107.95,123.09,1488,690,False,False,140.95,160.72
VIC1,2017-06,98.5,105.0,1440,660,False,False,128.53,137.01
VIC1,2017-07,117.38,131.48,1488,630,False,False,152.86,171.22
VIC1,2017-08,102.57,119.74,1488,690,False,False,133.3,155.61
VIC1,2017-09,79.43,89.62,1440,630,False,False,103.02,116.23
VIC1,2017-10,73.31,82.48,1488,660,False,False,94.87,106.73
VIC1,2017-11,95.54,112.43,1440,660,False,False,123.36,145.17
VIC1,2017-12,84.85,97.75,1488,630,False,False,109.31,125.93
VIC1,2018-01,133.48,183.0,1488,690,False,False,171.71,235.42
VIC1,2018-02,97.43,124.33,1344,600,False,False,125.15,159.71
VIC1,2018-03,76.01,82.25,1488,660,False,False,97.5,105.5
VIC1,2018-04,74.04,87.09,1440,630,False,False,94.86,111.58
VIC1,2018-05,79.79,95.98,1488,690,False,False,102.1,122.82
VIC1,2018-06,93.72,112.11,1440,630,False,False,119.79,143.29
VIC1,2018-07,70.1,88.33,1488,660,False,False,89.47,112.73
VIC1,2018-08,79.17,102.2,1488,690,False,False,100.9,130.25
VIC1,2018-09,92.85,108.02,1440,600,False,False,118.16,137.47
VIC1,2018-10,99.83,109.7,1488,690,False,False,126.82,139.36
VIC1,2018-11,97.84,105.48,1440,660,False,False,124.08,133.77
VIC1,2018-12,91.79,113.92,1488,630,False,False,116.21,144.23
VIC1,2019-01,250.33,423.33,1488,690,False,False,316.94,535.97
VIC1,2019-02,111.16,120.86,1344,600,False,False,140.74,153.02
VIC1,2019-03,131.11,177.81,1488,630,False,False,166.01,225.14
VIC1,2019-04,98.44,106.79,1440,660,False,False,124.4,134.95
VIC1,2019-05,91.9,104.25,1488,690,False,False,115.9,131.48
VIC1,2019-06,101.81,122.01,1440,600,False,False,128.15,153.58
VIC1,2019-07,85.92,105.02,1488,690,False,False,107.95,131.94
VIC1,2019-08,104.95,130.29,1488,660,False,False,131.61,163.38
VIC1,2019-09,104.76,121.93,1440,630,False,False,131.12,152.61
VIC1,2019-10,100.7,113.03,1488,690,False,False,125.75,141.15
VIC1,2019-11,67.98,69.79,1440,630,False,False,84.7,86.96
VIC1,2019-12,61.39,77.46,1488,660,False,False,76.32,96.29
VIC1,2020-01,142.95,255.88,1488,690,False,False,177.48,317.7
VIC1,2020-02,48.31,55.83,1392,600,False,False,59.91,69.23
VIC1,2020-03,43.3,50.47,1488,660,False,False,53.63,62.51
VIC1,2020-04,34.83,41.9,1440,660,False,False,43.42,52.23
VIC1,2020-05,38.29,47.04,1488,630,False,False,48.04,59.02
VIC1,2020-06,48.66,62.91,1440,660,False,False,61.45,79.45
VIC1,2020-07,63.6,75.01,1488,690,False,False,79.9,94.24
VIC1,2020-08,53.7,66.4,1488,630,False,False,67.12,83.0
VIC1,2020-09,34.65,39.08,1440,660,False,False,43.09,48.6
VIC1,2020-10,44.79,55.4,1488,660,False,False,55.53,68.69
VIC1,2020-11,44.07,49.88,1440,630,False,False,54.48,61.66
VIC1,2020-12,23.79,23.5,1488,690,False,False,29.32,28.96
VIC1,2021-01,22.82,20.68,1488,630,False,False,28.07,25.44
VIC1,2021-02,21.85,24.89,1344,600,False,False,26.83,30.56
VIC1,2021-03,30.36,32.84,1488,690,False,False,37.2,40.24
VIC1,2021-04,49.47,62.46,1440,660,False,False,60.47,76.35
VIC1,2021-05,72.84,114.98,1488,630,False,False,88.82,140.21
VIC1,2021-06,87.92,107.95,1440,660,False,False,106.95,131.31
VIC1,2021-07,91.72,126.87,1488,660,False,False,111.26,153.89
VIC1,2021-08,47.0,55.18,1488,660,False,False,56.85,66.75
VIC1,2021-09,27.72,33.73,1440,660,False,False,33.44,40.69
VIC1,2021-10,18.46,15.09,8928,3780,False,False,22.17,18.12
VIC1,2021-11,35.02,40.78,8640,3960,False,False,41.89,48.77
VIC1,2021-12,32.23,30.8,8928,4140,False,False,38.39,36.68
VIC1,2022-01,60.82,75.01,8928,3780,False,False,71.92,88.7
VIC1,2022-02,54.17,48.54,8064,3600,False,False,63.6,56.99
VIC1,2022-03,54.78,56.47,8928,4140,False,False,63.86,65.83
VIC1,2022-04,141.51,168.15,8640,3780,False,False,164.0,194.87
VIC1,2022-05,233.64,264.24,8928,3960,False,False,269.17,304.43
VIC1,2022-06,296.49,375.96,8640,3960,False,False,339.58,430.6
VIC1,2022-07,340.34,432.0,8928,3780,False,False,387.43,491.77
VIC1,2022-08,121.01,137.33,8928,4140,False,False,136.92,155.38
VIC1,2022-09,111.77,130.9,8640,3960,False,False,125.7,147.22
VIC1,2022-10,98.9,97.36,8928,3780,False,False,110.55,108.83
VIC1,2022-11,58.63,58.3,8640,3960,False,False,65.14,64.77
VIC1,2022-12,31.28,11.57,8928,3960,False,False,34.54,12.78
VIC1,2023-01,48.09,32.05,8928,3960,False,False,52.86,35.23
VIC1,2023-02,58.01,55.29,8064,3600,False,False,63.48,60.51
VIC1,2023-03,62.02,54.59,8928,4140,False,False,67.57,59.48
VIC1,2023-04,83.62,86.78,8640,3600,False,False,90.84,94.28
VIC1,2023-05,127.15,145.97,8928,4140,False,False,137.74,158.13
VIC1,2023-06,54.53,85.79,8640,3960,False,False,58.9,92.67
VIC1,2023-07,55.21,76.38,8928,3780,False,False,59.41,82.19
VIC1,2023-08,64.66,80.04,8928,4140,False,False,69.31,85.8
VIC1,2023-09,26.31,28.16,8640,3780,False,False,28.1,30.07
VIC1,2023-10,17.19,15.14,8928,3960,False,False,18.32,16.13
VIC1,2023-11,34.94,31.79,8640,3960,False,False,37.16,33.81
VIC1,2023-12,25.29,25.23,8928,3780,False,False,26.84,26.78
VIC1,2024-01,22.1,17.65,8928,4140,False,False,23.38,18.67
VIC1,2024-02,82.94,133.13,8352,3780,False,False,87.48,140.41
VIC1,2024-03,51.99,46.25,8928,3780,False,False,54.67,48.63
VIC1,2024-04,84.8,80.23,8640,3960,False,False,88.85,84.07
VIC1,2024-05,132.97,146.58,8928,4140,False,False,138.84,153.05
VIC1,2024-06,164.23,198.82,8640,3600,False,False,170.89,206.88
VIC1,2024-07,149.14,191.83,8928,4140,False,False,155.08,199.47
VIC1,2024-08,143.4,216.14,8928,3960,False,False,149.0,224.58
VIC1,2024-09,17.39,26.5,8640,3780,False,False,18.06,27.51
VIC1,2024-10,20.36,10.18,8928,4140,False,False,21.13,10.56
VIC1,2024-11,64.08,52.94,8640,3780,False,False,66.45,54.9
VIC1,2024-12,52.25,39.93,8928,3960,False,False,54.14,41.38
VIC1,2025-01,48.35,23.72,8928,4140,False,False,49.95,24.5
VIC1,2025-02,68.55,76.73,8064,3600,False,False,70.6,79.03
VIC1,2025-03,61.75,62.93,8928,3780,False,False,63.41,64.62
VIC1,2025-04,74.76,70.56,8640,3960,False,False,76.57,72.27
VIC1,2025-05,78.05,93.92,8928,3960,False,False,79.75,95.96
VIC1,2025-06,264.6,463.18,8640,3780,False,False,269.68,472.07
VIC1,2025-07,82.13,107.96,8928,4140,False,False,83.34,109.55
VIC1,2025-08,93.19,107.79,8928,3780,False,False,94.15,108.9
VIC1,2025-09,55.27,61.8,8640,3960,False,False,55.6,62.17
VIC1,2025-10,51.37,45.13,8928,4140,False,False,51.57,45.31
VIC1,2025-11,31.92,13.79,8640,3600,False,False,31.98,13.82
VIC1,2025-12,27.51,16.99,8928,4140,False,False,27.51,16.99
VIC1,2026-01,38.55,43.74,8928,3960,False,True,38.55,43.74
VIC1,2026-02,45.06,40.2,8064,3600,False,True,45.06,40.2
VIC1,2026-03,41.17,44.39,5184,2340,False,True,41.17,44.39
